,Loan_ID,ApplicantIncome,CoapplicantIncome,LoanAmount,Loan_Status,Combined_Income,Income_Percent,Family,Cosigned,Gender_Female,Gender_Male,Gender_nan,Education_Graduate,Education_Not Graduate,Education_nan,Property_Area_Rural,Property_Area_Semiurban,Property_Area_Urban,Property_Area_nan,Married_0.0,Married_1.0,Married_nan,Dependents_0.0,Dependents_1.0,Dependents_2.0,Dependents_3.0,Dependents_nan,Self_Employed_0.0,Self_Employed_1.0,Self_Employed_nan,Credit_History_0.0,Credit_History_1.0,Credit_History_nan,Property_Area_Rural,Property_Area_Semiurban,Property_Area_Urban,Property_Area_nan,Loan_Amount_Term_0.0,Loan_Amount_Term_100.0,Loan_Amount_Term_200.0,Loan_Amount_Term_300.0,Loan_Amount_Term_400.0,Loan_Amount_Term_nan
0,LP001002,5849,0,134.0,1,5849,43.649253731343286,0.0,0.0,0,1,0,1,0,0,0,0,1,0,1,0,0,1,0,0,0,0,1,0,0,0,1,0,0,0,1,0,0,0,0,1,0,0
1,LP001003,4583,1508,128.0,0,6091,47.5859375,1.0,1.0,0,1,0,1,0,0,1,0,0,0,0,1,0,0,1,0,0,0,1,0,0,0,1,0,1,0,0,0,0,0,0,1,0,0
2,LP001005,3000,0,66.0,1,3000,45.45454545454545,0.0,0.0,0,1,0,1,0,0,0,0,1,0,0,1,0,1,0,0,0,0,0,1,0,0,1,0,0,0,1,0,0,0,0,1,0,0
3,LP001006,2583,2358,120.0,1,4941,41.175,0.0,1.0,0,1,0,0,1,0,0,0,1,0,0,1,0,1,0,0,0,0,1,0,0,0,1,0,0,0,1,0,0,0,0,1,0,0
4,LP001008,6000,0,141.0,1,6000,42.5531914893617,0.0,0.0,0,1,0,1,0,0,0,0,1,0,1,0,0,1,0,0,0,0,1,0,0,0,1,0,0,0,1,0,0,0,0,1,0,0
5,LP001011,5417,4196,267.0,1,9613,36.00374531835206,1.0,1.0,0,1,0,1,0,0,0,0,1,0,0,1,0,0,0,1,0,0,0,1,0,0,1,0,0,0,1,0,0,0,0,1,0,0
6,LP001013,2333,1516,95.0,1,3849,40.51578947368421,0.0,1.0,0,1,0,0,1,0,0,0,1,0,0,1,0,1,0,0,0,0,1,0,0,0,1,0,0,0,1,0,0,0,0,1,0,0
7,LP001014,3036,2504,158.0,0,5540,35.063291139240505,1.0,1.0,0,1,0,1,0,0,0,1,0,0,0,1,0,0,0,0,1,0,1,0,0,1,0,0,0,1,0,0,0,0,0,1,0,0
8,LP001018,4006,1526,168.0,1,5532,32.92857142857143,1.0,1.0,0,1,0,1,0,0,0,0,1,0,0,1,0,0,0,1,0,0,1,0,0,0,1,0,0,0,1,0,0,0,0,1,0,0
9,LP001020,12841,10968,349.0,0,23809,68.22063037249283,1.0,1.0,0,1,0,1,0,0,0,1,0,0,0,1,0,0,1,0,0,0,1,0,0,0,1,0,0,1,0,0,0,0,0,1,0,0
10,LP001024,3200,700,70.0,1,3900,55.714285714285715,1.0,1.0,0,1,0,1,0,0,0,0,1,0,0,1,0,0,0,1,0,0,1,0,0,0,1,0,0,0,1,0,0,0,0,1,0,0
11,LP001027,2500,1840,109.0,1,4340,39.81651376146789,1.0,1.0,0,1,0,1,0,0,0,0,1,0,0,1,0,0,0,1,0,0,0,0,1,0,1,0,0,0,1,0,0,0,0,1,0,0
12,LP001028,3073,8106,200.0,1,11179,55.895,1.0,1.0,0,1,0,1,0,0,0,0,1,0,0,1,0,0,0,1,0,0,1,0,0,0,1,0,0,0,1,0,0,0,0,1,0,0
13,LP001029,1853,2840,114.0,0,4693,41.166666666666664,0.0,1.0,0,1,0,1,0,0,1,0,0,0,1,0,0,1,0,0,0,0,1,0,0,0,1,0,1,0,0,0,0,0,0,1,0,0
14,LP001030,1299,1086,17.0,1,2385,140.2941176470588,1.0,1.0,0,1,0,1,0,0,0,0,1,0,0,1,0,0,0,1,0,0,1,0,0,0,1,0,0,0,1,0,0,1,0,0,0,0
15,LP001032,4950,0,125.0,1,4950,39.6,0.0,0.0,0,1,0,1,0,0,0,0,1,0,1,0,0,1,0,0,0,0,1,0,0,0,1,0,0,0,1,0,0,0,0,1,0,0
16,LP001034,3596,0,100.0,1,3596,35.96,0.0,0.0,0,1,0,0,1,0,0,0,1,0,1,0,0,0,1,0,0,0,1,0,0,0,0,1,0,0,1,0,0,0,1,0,0,0
17,LP001036,3510,0,76.0,0,3510,46.18421052631579,0.0,0.0,1,0,0,1,0,0,0,0,1,0,1,0,0,1,0,0,0,0,1,0,0,1,0,0,0,0,1,0,0,0,0,1,0,0
18,LP001038,4887,0,133.0,0,4887,36.744360902255636,0.0,0.0,0,1,0,0,1,0,1,0,0,0,0,1,0,1,0,0,0,0,1,0,0,0,1,0,1,0,0,0,0,0,0,1,0,0
19,LP001041,2600,3500,115.0,1,6100,53.04347826086956,0.0,1.0,0,1,0,1,0,0,0,0,1,0,0,1,0,1,0,0,0,0,0,0,1,0,1,0,0,0,1,0,1,0,0,0,0,0
20,LP001043,7660,0,104.0,0,7660,73.65384615384616,0.0,0.0,0,1,0,0,1,0,0,0,1,0,0,1,0,1,0,0,0,0,1,0,0,1,0,0,0,0,1,0,0,0,0,1,0,0
21,LP001046,5955,5625,315.0,1,11580,36.76190476190476,1.0,1.0,0,1,0,1,0,0,0,0,1,0,0,1,0,0,1,0,0,0,1,0,0,0,1,0,0,0,1,0,0,0,0,1,0,0
22,LP001047,2600,1911,116.0,0,4511,38.88793103448276,0.0,1.0,0,1,0,0,1,0,0,1,0,0,0,1,0,1,0,0,0,0,1,0,0,1,0,0,0,1,0,0,0,0,0,1,0,0
23,LP001050,3365,1917,112.0,0,5282,47.160714285714285,1.0,1.0,0,1,0,0,1,0,1,0,0,0,0,1,0,0,0,1,0,0,1,0,0,1,0,0,1,0,0,0,0,0,0,1,0,0
24,LP001052,3717,2925,151.0,0,6642,43.98675496688742,1.0,1.0,0,1,0,1,0,0,0,1,0,0,0,1,0,0,1,0,0,0,0,0,1,0,0,1,0,1,0,0,0,0,0,1,0,0
25,LP001066,9560,0,191.0,1,9560,50.05235602094241,0.0,0.0,0,1,0,1,0,0,0,1,0,0,0,1,0,1,0,0,0,0,0,1,0,0,1,0,0,1,0,0,0,0,0,1,0,0
26,LP001068,2799,2253,122.0,1,5052,41.40983606557377,0.0,1.0,0,1,0,1,0,0,0,1,0,0,0,1,0,1,0,0,0,0,1,0,0,0,1,0,0,1,0,0,0,0,0,1,0,0
27,LP001073,4226,1040,110.0,1,5266,47.872727272727275,1.0,1.0,0,1,0,0,1,0,0,0,1,0,0,1,0,0,0,1,0,0,1,0,0,0,1,0,0,0,1,0,0,0,0,1,0,0
28,LP001086,1442,0,35.0,0,1442,41.2,0.0,0.0,0,1,0,0,1,0,0,0,1,0,1,0,0,1,0,0,0,0,1,0,0,0,1,0,0,0,1,0,0,0,0,1,0,0
29,LP001087,3750,2083,120.0,1,5833,48.608333333333334,0.0,1.0,1,0,0,1,0,0,0,1,0,0,1,0,0,0,0,1,0,0,0,0,1,0,1,0,0,1,0,0,0,0,0,1,0,0
30,LP001091,4166,3369,201.0,0,7535,37.48756218905473,1.0,1.0,0,1,0,1,0,0,0,0,1,0,0,1,0,0,1,0,0,0,0,0,1,0,0,1,0,0,1,0,0,0,0,1,0,0
31,LP001095,3167,0,74.0,0,3167,42.7972972972973,0.0,0.0,0,1,0,1,0,0,0,0,1,0,1,0,0,1,0,0,0,0,1,0,0,0,1,0,0,0,1,0,0,0,0,1,0,0
32,LP001097,4692,0,106.0,0,4692,44.264150943396224,0.0,0.0,0,1,0,1,0,0,1,0,0,0,1,0,0,0,1,0,0,0,0,1,0,0,1,0,1,0,0,0,0,0,0,1,0,0
33,LP001098,3500,1667,114.0,1,5167,45.324561403508774,0.0,1.0,0,1,0,1,0,0,0,1,0,0,0,1,0,1,0,0,0,0,1,0,0,0,1,0,0,1,0,0,0,0,0,1,0,0
34,LP001100,12500,3000,320.0,0,15500,48.4375,0.0,1.0,0,1,0,1,0,0,1,0,0,0,1,0,0,0,0,0,1,0,1,0,0,0,1,0,1,0,0,0,0,0,0,1,0,0
35,LP001106,2275,2067,152.0,1,4342,28.56578947368421,0.0,1.0,0,1,0,1,0,0,0,0,1,0,0,1,0,1,0,0,0,0,1,0,0,0,1,0,0,0,1,0,0,0,0,1,0,0
36,LP001109,1828,1330,100.0,0,3158,31.58,0.0,1.0,0,1,0,1,0,0,0,0,1,0,0,1,0,1,0,0,0,0,1,0,0,1,0,0,0,0,1,0,1,0,0,0,0,0
37,LP001112,3667,1459,144.0,1,5126,35.59722222222222,0.0,1.0,1,0,0,1,0,0,0,1,0,0,0,1,0,1,0,0,0,0,1,0,0,0,1,0,0,1,0,0,0,0,0,1,0,0
38,LP001114,4166,7210,184.0,1,11376,61.82608695652174,0.0,1.0,0,1,0,1,0,0,0,0,1,0,1,0,0,1,0,0,0,0,1,0,0,0,1,0,0,0,1,0,0,0,0,1,0,0
39,LP001116,3748,1668,110.0,1,5416,49.236363636363635,0.0,1.0,0,1,0,0,1,0,0,1,0,0,1,0,0,1,0,0,0,0,1,0,0,0,1,0,0,1,0,0,0,0,0,1,0,0
40,LP001119,3600,0,80.0,0,3600,45.0,0.0,0.0,0,1,0,1,0,0,0,0,1,0,1,0,0,1,0,0,0,0,1,0,0,0,1,0,0,0,1,0,0,0,0,1,0,0
41,LP001120,1800,1213,47.0,1,3013,64.1063829787234,0.0,1.0,0,1,0,1,0,0,0,0,1,0,1,0,0,1,0,0,0,0,1,0,0,0,1,0,0,0,1,0,0,0,0,1,0,0
42,LP001123,2400,0,75.0,1,2400,32.0,0.0,0.0,0,1,0,1,0,0,0,0,1,0,0,1,0,1,0,0,0,0,1,0,0,0,0,1,0,0,1,0,0,0,0,1,0,0
43,LP001131,3941,2336,134.0,1,6277,46.843283582089555,0.0,1.0,0,1,0,1,0,0,0,1,0,0,0,1,0,1,0,0,0,0,1,0,0,0,1,0,0,1,0,0,0,0,0,1,0,0
44,LP001136,4695,0,96.0,1,4695,48.90625,0.0,0.0,0,1,0,0,1,0,0,0,1,0,0,1,0,1,0,0,0,0,0,1,0,0,1,0,0,0,1,0,1,0,0,0,0,0
45,LP001137,3410,0,88.0,1,3410,38.75,0.0,0.0,1,0,0,1,0,0,0,0,1,0,1,0,0,1,0,0,0,0,1,0,0,0,1,0,0,0,1,0,1,0,0,0,0,0
46,LP001138,5649,0,44.0,1,5649,128.38636363636363,1.0,0.0,0,1,0,1,0,0,0,0,1,0,0,1,0,0,1,0,0,0,1,0,0,0,1,0,0,0,1,0,0,0,0,1,0,0
47,LP001144,5821,0,144.0,1,5821,40.423611111111114,0.0,0.0,0,1,0,1,0,0,0,0,1,0,0,1,0,1,0,0,0,0,1,0,0,0,1,0,0,0,1,0,0,0,0,1,0,0
48,LP001146,2645,3440,120.0,0,6085,50.708333333333336,0.0,1.0,1,0,0,1,0,0,0,0,1,0,0,1,0,1,0,0,0,0,1,0,0,1,0,0,0,0,1,0,0,0,0,1,0,0
49,LP001151,4000,2275,144.0,1,6275,43.576388888888886,0.0,1.0,1,0,0,1,0,0,0,1,0,0,1,0,0,1,0,0,0,0,1,0,0,0,1,0,0,1,0,0,0,0,0,1,0,0
50,LP001155,1928,1644,100.0,1,3572,35.72,0.0,1.0,1,0,0,0,1,0,0,1,0,0,0,1,0,1,0,0,0,0,1,0,0,0,1,0,0,1,0,0,0,0,0,1,0,0
51,LP001157,3086,0,120.0,1,3086,25.716666666666665,0.0,0.0,1,0,0,1,0,0,0,1,0,0,1,0,0,1,0,0,0,0,1,0,0,0,1,0,0,1,0,0,0,0,0,1,0,0
52,LP001164,4230,0,112.0,0,4230,37.767857142857146,0.0,0.0,1,0,0,1,0,0,0,1,0,0,1,0,0,1,0,0,0,0,1,0,0,0,1,0,0,1,0,0,0,0,0,1,0,0
53,LP001179,4616,0,134.0,0,4616,34.44776119402985,1.0,0.0,0,1,0,1,0,0,0,0,1,0,0,1,0,0,0,1,0,0,1,0,0,0,1,0,0,0,1,0,0,0,0,1,0,0
54,LP001186,11500,0,286.0,0,11500,40.20979020979021,1.0,0.0,1,0,0,1,0,0,0,0,1,0,0,1,0,0,1,0,0,0,0,1,0,1,0,0,0,0,1,0,0,0,0,1,0,0
55,LP001194,2708,1167,97.0,1,3875,39.94845360824742,1.0,1.0,0,1,0,1,0,0,0,1,0,0,0,1,0,0,0,1,0,0,1,0,0,0,1,0,0,1,0,0,0,0,0,1,0,0
56,LP001195,2132,1591,96.0,1,3723,38.78125,0.0,1.0,0,1,0,1,0,0,0,1,0,0,0,1,0,1,0,0,0,0,1,0,0,0,1,0,0,1,0,0,0,0,0,1,0,0
57,LP001197,3366,2200,135.0,0,5566,41.22962962962963,0.0,1.0,0,1,0,1,0,0,1,0,0,0,0,1,0,1,0,0,0,0,1,0,0,0,1,0,1,0,0,0,0,0,0,1,0,0
58,LP001198,8080,2250,180.0,1,10330,57.388888888888886,1.0,1.0,0,1,0,1,0,0,0,0,1,0,0,1,0,0,1,0,0,0,1,0,0,0,1,0,0,0,1,0,0,0,0,1,0,0
59,LP001199,3357,2859,144.0,1,6216,43.166666666666664,1.0,1.0,0,1,0,0,1,0,0,0,1,0,0,1,0,0,0,1,0,0,1,0,0,0,1,0,0,0,1,0,0,0,0,1,0,0
60,LP001205,2500,3796,120.0,1,6296,52.46666666666667,0.0,1.0,0,1,0,1,0,0,0,0,1,0,0,1,0,1,0,0,0,0,1,0,0,0,1,0,0,0,1,0,0,0,0,1,0,0
61,LP001206,3029,0,99.0,1,3029,30.595959595959595,1.0,0.0,0,1,0,1,0,0,0,0,1,0,0,1,0,0,0,0,1,0,1,0,0,0,1,0,0,0,1,0,0,0,0,1,0,0
62,LP001207,2609,3449,165.0,0,6058,36.71515151515152,0.0,1.0,0,1,0,0,1,0,1,0,0,0,0,1,0,1,0,0,0,0,0,1,0,1,0,0,1,0,0,0,0,1,0,0,0,0
63,LP001213,4945,0,163.0,0,4945,30.337423312883434,1.0,0.0,0,1,0,1,0,0,1,0,0,0,0,1,0,0,1,0,0,0,1,0,0,1,0,0,1,0,0,0,0,0,0,1,0,0
64,LP001222,4166,0,116.0,0,4166,35.91379310344828,0.0,0.0,1,0,0,1,0,0,0,1,0,0,1,0,0,1,0,0,0,0,1,0,0,1,0,0,0,1,0,0,0,0,0,1,0,0
65,LP001225,5726,4595,258.0,0,10321,40.00387596899225,0.0,1.0,0,1,0,1,0,0,0,1,0,0,0,1,0,1,0,0,0,0,1,0,0,0,1,0,0,1,0,0,0,0,0,1,0,0
66,LP001228,3200,2254,126.0,0,5454,43.285714285714285,0.0,1.0,0,1,0,0,1,0,0,0,1,0,1,0,0,1,0,0,0,0,1,0,0,1,0,0,0,0,1,0,0,1,0,0,0,0
67,LP001233,10750,0,312.0,1,10750,34.455128205128204,1.0,0.0,0,1,0,1,0,0,0,0,1,0,0,1,0,0,1,0,0,0,1,0,0,0,1,0,0,0,1,0,0,0,0,1,0,0
68,LP001238,7100,0,125.0,1,7100,56.8,1.0,0.0,0,1,0,0,1,0,0,0,1,0,0,1,0,0,0,0,1,0,0,1,0,0,1,0,0,0,1,0,1,0,0,0,0,0
69,LP001241,4300,0,136.0,0,4300,31.61764705882353,0.0,0.0,1,0,0,1,0,0,0,1,0,0,1,0,0,1,0,0,0,0,1,0,0,1,0,0,0,1,0,0,0,0,0,1,0,0
70,LP001243,3208,3066,172.0,1,6274,36.47674418604651,0.0,1.0,0,1,0,1,0,0,0,0,1,0,0,1,0,1,0,0,0,0,1,0,0,0,1,0,0,0,1,0,0,0,0,1,0,0
71,LP001245,1875,1875,97.0,1,3750,38.65979381443299,1.0,1.0,0,1,0,0,1,0,0,1,0,0,0,1,0,0,0,1,0,0,0,1,0,0,1,0,0,1,0,0,0,0,0,1,0,0
72,LP001248,3500,0,81.0,1,3500,43.20987654320987,0.0,0.0,0,1,0,1,0,0,0,1,0,0,1,0,0,1,0,0,0,0,1,0,0,0,1,0,0,1,0,0,0,0,0,1,0,0
73,LP001250,4755,0,95.0,0,4755,50.05263157894737,1.0,0.0,0,1,0,0,1,0,0,1,0,0,0,1,0,0,0,0,1,0,1,0,0,1,0,0,0,1,0,0,1,0,0,0,0,0
74,LP001253,5266,1774,187.0,1,7040,37.64705882352941,1.0,1.0,0,1,0,1,0,0,0,1,0,0,0,1,0,0,0,0,1,0,0,1,0,0,1,0,0,1,0,0,0,0,0,1,0,0
75,LP001255,3750,0,113.0,0,3750,33.1858407079646,0.0,0.0,0,1,0,1,0,0,0,0,1,0,1,0,0,1,0,0,0,0,1,0,0,0,1,0,0,0,1,0,0,0,0,0,1,0
76,LP001256,3750,4750,176.0,0,8500,48.29545454545455,0.0,1.0,0,1,0,1,0,0,0,0,1,0,1,0,0,1,0,0,0,0,1,0,0,0,1,0,0,0,1,0,0,0,0,1,0,0
77,LP001259,1000,3022,110.0,0,4022,36.56363636363636,1.0,1.0,0,1,0,1,0,0,0,0,1,0,0,1,0,0,1,0,0,0,0,1,0,0,1,0,0,0,1,0,0,0,0,1,0,0
78,LP001263,3167,4000,180.0,0,7167,39.81666666666667,1.0,1.0,0,1,0,1,0,0,0,1,0,0,0,1,0,0,0,0,1,0,1,0,0,1,0,0,0,1,0,0,0,0,0,1,0,0
79,LP001264,3333,2166,130.0,1,5499,42.3,1.0,1.0,0,1,0,0,1,0,0,1,0,0,0,1,0,0,0,0,1,0,0,1,0,0,0,1,0,1,0,0,0,0,0,1,0,0
80,LP001265,3846,0,111.0,1,3846,34.648648648648646,0.0,0.0,1,0,0,1,0,0,0,1,0,0,1,0,0,1,0,0,0,0,1,0,0,0,1,0,0,1,0,0,0,0,0,1,0,0
81,LP001266,2395,0,160.0,1,2395,14.96875,1.0,0.0,0,1,0,1,0,0,0,1,0,0,0,1,0,0,1,0,0,0,0,1,0,0,1,0,0,1,0,0,0,0,0,1,0,0
82,LP001267,1378,1881,167.0,0,3259,19.51497005988024,1.0,1.0,1,0,0,1,0,0,0,0,1,0,0,1,0,0,0,1,0,0,1,0,0,0,1,0,0,0,1,0,0,0,0,1,0,0
83,LP001273,6000,2250,265.0,0,8250,31.132075471698112,0.0,1.0,0,1,0,1,0,0,0,1,0,0,0,1,0,1,0,0,0,0,1,0,0,0,0,1,0,1,0,0,0,0,0,1,0,0
84,LP001275,3988,0,50.0,1,3988,79.76,1.0,0.0,0,1,0,1,0,0,0,0,1,0,0,1,0,0,1,0,0,0,1,0,0,0,1,0,0,0,1,0,0,0,1,0,0,0
85,LP001279,2366,2531,136.0,1,4897,36.00735294117647,0.0,1.0,0,1,0,1,0,0,0,1,0,0,1,0,0,1,0,0,0,0,1,0,0,0,1,0,0,1,0,0,0,0,0,1,0,0
86,LP001280,3333,2000,99.0,1,5333,53.86868686868687,1.0,1.0,0,1,0,0,1,0,0,1,0,0,0,1,0,0,0,1,0,0,1,0,0,0,0,1,0,1,0,0,0,0,0,1,0,0
87,LP001282,2500,2118,104.0,1,4618,44.40384615384615,0.0,1.0,0,1,0,1,0,0,0,1,0,0,0,1,0,1,0,0,0,0,1,0,0,0,1,0,0,1,0,0,0,0,0,1,0,0
88,LP001289,8566,0,210.0,1,8566,40.79047619047619,0.0,0.0,0,1,0,1,0,0,0,0,1,0,1,0,0,1,0,0,0,0,1,0,0,0,1,0,0,0,1,0,0,0,0,1,0,0
89,LP001310,5695,4167,175.0,1,9862,56.354285714285716,0.0,1.0,0,1,0,1,0,0,0,1,0,0,0,1,0,1,0,0,0,0,1,0,0,0,1,0,0,1,0,0,0,0,0,1,0,0
90,LP001316,2958,2900,131.0,1,5858,44.717557251908396,0.0,1.0,0,1,0,1,0,0,0,1,0,0,0,1,0,1,0,0,0,0,1,0,0,0,1,0,0,1,0,0,0,0,0,1,0,0
91,LP001318,6250,5654,188.0,1,11904,63.319148936170215,1.0,1.0,0,1,0,1,0,0,0,1,0,0,0,1,0,0,0,1,0,0,1,0,0,0,1,0,0,1,0,0,0,1,0,0,0,0
92,LP001319,3273,1820,81.0,1,5093,62.876543209876544,1.0,1.0,0,1,0,0,1,0,0,0,1,0,0,1,0,0,0,1,0,0,1,0,0,0,1,0,0,0,1,0,0,0,0,1,0,0
93,LP001322,4133,0,122.0,1,4133,33.877049180327866,0.0,0.0,0,1,0,1,0,0,0,1,0,0,1,0,0,1,0,0,0,0,1,0,0,0,1,0,0,1,0,0,0,0,0,1,0,0
94,LP001325,3620,0,25.0,1,3620,144.8,0.0,0.0,0,1,0,0,1,0,0,1,0,0,1,0,0,1,0,0,0,0,1,0,0,0,1,0,0,1,0,0,0,1,0,0,0,0
95,LP001326,6782,0,146.0,0,6782,46.45205479452055,0.0,0.0,0,1,0,1,0,0,0,0,1,0,1,0,0,1,0,0,0,0,0,0,1,0,0,1,0,0,1,0,0,0,0,1,0,0
96,LP001327,2484,2302,137.0,1,4786,34.934306569343065,0.0,1.0,1,0,0,1,0,0,0,1,0,0,0,1,0,1,0,0,0,0,1,0,0,0,1,0,0,1,0,0,0,0,0,1,0,0
97,LP001333,1977,997,50.0,1,2974,59.48,0.0,1.0,0,1,0,1,0,0,0,1,0,0,0,1,0,1,0,0,0,0,1,0,0,0,1,0,0,1,0,0,0,0,0,1,0,0
98,LP001334,4188,0,115.0,1,4188,36.417391304347824,0.0,0.0,0,1,0,0,1,0,0,1,0,0,0,1,0,1,0,0,0,0,1,0,0,0,1,0,0,1,0,0,0,1,0,0,0,0
99,LP001343,1759,3541,131.0,1,5300,40.458015267175576,0.0,1.0,0,1,0,1,0,0,0,1,0,0,0,1,0,1,0,0,0,0,1,0,0,0,1,0,0,1,0,0,0,0,0,1,0,0
100,LP001345,4288,3263,133.0,1,7551,56.774436090225564,1.0,1.0,0,1,0,0,1,0,0,0,1,0,0,1,0,0,0,1,0,0,1,0,0,0,1,0,0,0,1,0,0,1,0,0,0,0
101,LP001349,4843,3806,151.0,1,8649,57.27814569536424,0.0,1.0,0,1,0,1,0,0,0,1,0,0,1,0,0,1,0,0,0,0,1,0,0,0,1,0,0,1,0,0,0,0,0,1,0,0
102,LP001350,13650,0,152.0,1,13650,89.80263157894737,0.0,0.0,0,1,0,1,0,0,0,0,1,0,0,1,0,1,0,0,0,0,1,0,0,0,1,0,0,0,1,0,0,0,0,1,0,0
103,LP001356,4652,3583,152.0,1,8235,54.17763157894737,0.0,1.0,0,1,0,1,0,0,0,1,0,0,0,1,0,1,0,0,0,0,1,0,0,0,1,0,0,1,0,0,0,0,0,1,0,0
104,LP001357,3816,754,160.0,1,4570,28.5625,0.0,1.0,0,1,0,1,0,0,0,0,1,0,0,1,0,1,0,0,0,0,1,0,0,0,1,0,0,0,1,0,0,0,0,1,0,0
105,LP001367,3052,1030,100.0,1,4082,40.82,1.0,1.0,0,1,0,1,0,0,0,0,1,0,0,1,0,0,1,0,0,0,1,0,0,0,1,0,0,0,1,0,0,0,0,1,0,0
106,LP001369,11417,1126,225.0,1,12543,55.74666666666667,1.0,1.0,0,1,0,1,0,0,0,0,1,0,0,1,0,0,0,1,0,0,1,0,0,0,1,0,0,0,1,0,0,0,0,1,0,0
107,LP001370,7333,0,120.0,0,7333,61.108333333333334,0.0,0.0,0,1,0,0,1,0,1,0,0,0,1,0,0,1,0,0,0,0,0,0,1,0,1,0,1,0,0,0,0,0,0,1,0,0
108,LP001379,3800,3600,216.0,0,7400,34.25925925925926,1.0,1.0,0,1,0,1,0,0,0,0,1,0,0,1,0,0,0,1,0,0,1,0,0,1,0,0,0,0,1,0,0,0,0,1,0,0
109,LP001384,2071,754,94.0,1,2825,30.0531914893617,1.0,1.0,0,1,0,0,1,0,0,1,0,0,0,1,0,0,0,0,1,0,1,0,0,0,1,0,0,1,0,0,0,0,0,0,1,0
110,LP001385,5316,0,136.0,1,5316,39.088235294117645,0.0,0.0,0,1,0,1,0,0,0,0,1,0,1,0,0,1,0,0,0,0,1,0,0,0,1,0,0,0,1,0,0,0,0,1,0,0
111,LP001387,2929,2333,139.0,1,5262,37.856115107913666,0.0,1.0,1,0,0,1,0,0,0,1,0,0,0,1,0,1,0,0,0,0,0,0,1,0,1,0,0,1,0,0,0,0,0,1,0,0
112,LP001391,3572,4114,152.0,0,7686,50.56578947368421,0.0,1.0,0,1,0,0,1,0,1,0,0,0,0,1,0,1,0,0,0,0,1,0,0,1,0,0,1,0,0,0,1,0,0,0,0,0
113,LP001392,7451,0,150.0,1,7451,49.67333333333333,0.0,0.0,1,0,0,1,0,0,0,1,0,0,1,0,0,0,1,0,0,0,0,1,0,0,1,0,0,1,0,0,0,0,0,1,0,0
114,LP001398,5050,0,118.0,1,5050,42.79661016949152,0.0,0.0,0,1,0,1,0,0,0,1,0,0,1,0,0,1,0,0,0,0,0,0,1,0,1,0,0,1,0,0,0,0,0,1,0,0
115,LP001401,14583,0,185.0,1,14583,78.82702702702703,1.0,0.0,0,1,0,1,0,0,1,0,0,0,0,1,0,0,1,0,0,0,1,0,0,0,1,0,1,0,0,0,0,1,0,0,0,0
116,LP001404,3167,2283,154.0,1,5450,35.38961038961039,0.0,1.0,1,0,0,1,0,0,0,1,0,0,0,1,0,1,0,0,0,0,1,0,0,0,1,0,0,1,0,0,0,0,0,1,0,0
117,LP001405,2214,1398,85.0,1,3612,42.49411764705882,1.0,1.0,0,1,0,1,0,0,0,0,1,0,0,1,0,0,1,0,0,0,1,0,0,0,0,1,0,0,1,0,0,0,0,1,0,0
118,LP001421,5568,2142,175.0,0,7710,44.05714285714286,0.0,1.0,0,1,0,1,0,0,1,0,0,0,0,1,0,1,0,0,0,0,1,0,0,0,1,0,1,0,0,0,0,0,0,1,0,0
119,LP001422,10408,0,259.0,1,10408,40.18532818532819,0.0,0.0,1,0,0,1,0,0,0,0,1,0,1,0,0,1,0,0,0,0,1,0,0,0,1,0,0,0,1,0,0,0,0,1,0,0
120,LP001426,5667,2667,180.0,1,8334,46.3,0.0,1.0,0,1,0,1,0,0,1,0,0,0,0,1,0,1,0,0,0,0,1,0,0,0,1,0,1,0,0,0,0,0,0,1,0,0
121,LP001430,4166,0,44.0,1,4166,94.68181818181819,0.0,0.0,1,0,0,1,0,0,0,1,0,0,1,0,0,1,0,0,0,0,1,0,0,0,1,0,0,1,0,0,0,0,0,1,0,0
122,LP001431,2137,8980,137.0,1,11117,81.14598540145985,0.0,1.0,1,0,0,1,0,0,0,1,0,0,1,0,0,1,0,0,0,0,1,0,0,1,0,0,0,1,0,0,0,0,0,1,0,0
123,LP001432,2957,0,81.0,1,2957,36.50617283950617,1.0,0.0,0,1,0,1,0,0,0,1,0,0,0,1,0,0,0,1,0,0,1,0,0,0,1,0,0,1,0,0,0,0,0,1,0,0
124,LP001439,4300,2014,194.0,1,6314,32.54639175257732,0.0,1.0,0,1,0,0,1,0,1,0,0,0,0,1,0,1,0,0,0,0,1,0,0,0,1,0,1,0,0,0,0,0,0,1,0,0
125,LP001443,3692,0,93.0,1,3692,39.69892473118279,0.0,0.0,1,0,0,1,0,0,1,0,0,0,1,0,0,1,0,0,0,0,1,0,0,0,0,1,1,0,0,0,0,0,0,1,0,0
126,LP001448,23803,0,370.0,1,23803,64.33243243243243,1.0,0.0,0,1,0,1,0,0,1,0,0,0,0,1,0,0,0,0,1,0,1,0,0,0,1,0,1,0,0,0,0,0,0,1,0,0
127,LP001449,3865,1640,134.0,1,5505,41.082089552238806,0.0,1.0,0,1,0,1,0,0,1,0,0,0,1,0,0,1,0,0,0,0,1,0,0,0,1,0,1,0,0,0,0,0,0,1,0,0
128,LP001451,10513,3850,160.0,0,14363,89.76875,1.0,1.0,0,1,0,1,0,0,0,0,1,0,0,1,0,0,1,0,0,0,0,1,0,1,0,0,0,0,1,0,0,1,0,0,0,0
129,LP001465,6080,2569,182.0,0,8649,47.52197802197802,0.0,1.0,0,1,0,1,0,0,1,0,0,0,0,1,0,1,0,0,0,0,1,0,0,0,0,1,1,0,0,0,0,0,0,1,0,0
130,LP001469,20166,0,650.0,1,20166,31.024615384615384,0.0,0.0,0,1,0,1,0,0,0,0,1,0,1,0,0,1,0,0,0,0,0,1,0,0,0,1,0,0,1,0,0,0,0,0,1,0
131,LP001473,2014,1929,74.0,1,3943,53.28378378378378,0.0,1.0,0,1,0,1,0,0,0,0,1,0,1,0,0,1,0,0,0,0,1,0,0,0,1,0,0,0,1,0,0,0,0,1,0,0
132,LP001478,2718,0,70.0,1,2718,38.82857142857143,0.0,0.0,0,1,0,1,0,0,0,1,0,0,1,0,0,1,0,0,0,0,1,0,0,0,1,0,0,1,0,0,0,0,0,1,0,0
133,LP001482,3459,0,25.0,1,3459,138.36,0.0,0.0,0,1,0,1,0,0,0,1,0,0,0,1,0,1,0,0,0,0,0,1,0,0,1,0,0,1,0,0,0,1,0,0,0,0
134,LP001487,4895,0,102.0,1,4895,47.990196078431374,0.0,0.0,0,1,0,1,0,0,0,1,0,0,1,0,0,1,0,0,0,0,1,0,0,0,1,0,0,1,0,0,0,0,0,1,0,0
135,LP001488,4000,7750,290.0,0,11750,40.51724137931034,1.0,1.0,0,1,0,1,0,0,0,1,0,0,0,1,0,0,0,0,1,0,1,0,0,0,1,0,0,1,0,0,0,0,0,1,0,0
136,LP001489,4583,0,84.0,0,4583,54.55952380952381,0.0,0.0,1,0,0,1,0,0,1,0,0,0,0,1,0,1,0,0,0,0,1,0,0,0,1,0,1,0,0,0,0,0,0,1,0,0
137,LP001491,3316,3500,88.0,1,6816,77.45454545454545,1.0,1.0,0,1,0,1,0,0,0,0,1,0,0,1,0,0,0,1,0,0,0,1,0,0,1,0,0,0,1,0,0,0,0,1,0,0
138,LP001492,14999,0,242.0,0,14999,61.97933884297521,0.0,0.0,0,1,0,1,0,0,0,1,0,0,1,0,0,1,0,0,0,0,1,0,0,1,0,0,0,1,0,0,0,0,0,1,0,0
139,LP001493,4200,1430,129.0,0,5630,43.64341085271318,1.0,1.0,0,1,0,0,1,0,1,0,0,0,0,1,0,0,0,1,0,0,1,0,0,0,1,0,1,0,0,0,0,0,0,1,0,0
140,LP001497,5042,2083,185.0,0,7125,38.513513513513516,1.0,1.0,0,1,0,1,0,0,1,0,0,0,0,1,0,0,0,1,0,0,1,0,0,0,1,0,1,0,0,0,0,0,0,1,0,0
141,LP001498,5417,0,168.0,1,5417,32.24404761904762,0.0,0.0,0,1,0,1,0,0,0,0,1,0,1,0,0,1,0,0,0,0,1,0,0,0,1,0,0,0,1,0,0,0,0,1,0,0
142,LP001504,6950,0,175.0,1,6950,39.714285714285715,0.0,0.0,0,1,0,1,0,0,0,1,0,0,1,0,0,1,0,0,0,0,0,1,0,0,1,0,0,1,0,0,0,1,0,0,0,0
143,LP001507,2698,2034,122.0,1,4732,38.78688524590164,0.0,1.0,0,1,0,1,0,0,0,1,0,0,0,1,0,1,0,0,0,0,1,0,0,0,1,0,0,1,0,0,0,0,0,1,0,0
144,LP001508,11757,0,187.0,1,11757,62.8716577540107,1.0,0.0,0,1,0,1,0,0,0,0,1,0,0,1,0,0,0,1,0,0,1,0,0,0,1,0,0,0,1,0,0,1,0,0,0,0
145,LP001514,2330,4486,100.0,1,6816,68.16,0.0,1.0,1,0,0,1,0,0,0,1,0,0,0,1,0,1,0,0,0,0,1,0,0,0,1,0,0,1,0,0,0,0,0,1,0,0
146,LP001516,14866,0,70.0,1,14866,212.37142857142857,1.0,0.0,1,0,0,1,0,0,0,0,1,0,0,1,0,0,0,1,0,0,1,0,0,0,1,0,0,0,1,0,0,0,0,1,0,0
147,LP001518,1538,1425,30.0,1,2963,98.76666666666667,1.0,1.0,0,1,0,1,0,0,0,0,1,0,0,1,0,0,1,0,0,0,1,0,0,0,1,0,0,0,1,0,0,0,0,1,0,0
148,LP001519,10000,1666,225.0,0,11666,51.84888888888889,0.0,1.0,1,0,0,1,0,0,1,0,0,0,1,0,0,1,0,0,0,0,1,0,0,0,1,0,1,0,0,0,0,0,0,1,0,0
149,LP001520,4860,830,125.0,1,5690,45.52,0.0,1.0,0,1,0,1,0,0,0,1,0,0,0,1,0,1,0,0,0,0,1,0,0,0,1,0,0,1,0,0,0,0,0,1,0,0
150,LP001528,6277,0,118.0,0,6277,53.19491525423729,0.0,0.0,0,1,0,1,0,0,1,0,0,0,1,0,0,1,0,0,0,0,1,0,0,1,0,0,1,0,0,0,0,0,0,1,0,0
151,LP001529,2577,3750,152.0,1,6327,41.625,0.0,1.0,0,1,0,1,0,0,1,0,0,0,0,1,0,1,0,0,0,0,0,1,0,0,1,0,1,0,0,0,0,0,0,1,0,0
152,LP001531,9166,0,244.0,0,9166,37.5655737704918,0.0,0.0,0,1,0,1,0,0,0,0,1,0,1,0,0,1,0,0,0,0,1,0,0,0,1,0,0,0,1,0,0,0,0,1,0,0
153,LP001532,2281,0,113.0,0,2281,20.1858407079646,1.0,0.0,0,1,0,0,1,0,1,0,0,0,0,1,0,0,0,1,0,0,1,0,0,0,1,0,1,0,0,0,0,0,0,1,0,0
154,LP001535,3254,0,50.0,1,3254,65.08,0.0,0.0,0,1,0,1,0,0,0,0,1,0,1,0,0,1,0,0,0,0,1,0,0,0,1,0,0,0,1,0,0,0,0,1,0,0
155,LP001536,39999,0,600.0,1,39999,66.665,1.0,0.0,0,1,0,1,0,0,0,1,0,0,0,1,0,0,0,0,1,0,1,0,0,1,0,0,0,1,0,0,0,1,0,0,0,0
156,LP001541,6000,0,160.0,1,6000,37.5,1.0,0.0,0,1,0,1,0,0,1,0,0,0,0,1,0,0,1,0,0,0,1,0,0,0,0,1,1,0,0,0,0,0,0,1,0,0
157,LP001543,9538,0,187.0,1,9538,51.00534759358289,1.0,0.0,0,1,0,1,0,0,0,0,1,0,0,1,0,0,1,0,0,0,1,0,0,0,1,0,0,0,1,0,0,0,0,1,0,0
158,LP001546,2980,2083,120.0,1,5063,42.19166666666667,0.0,1.0,0,1,0,1,0,0,1,0,0,0,1,0,0,1,0,0,0,0,0,0,1,0,1,0,1,0,0,0,0,0,0,1,0,0
159,LP001552,4583,5625,255.0,1,10208,40.03137254901961,0.0,1.0,0,1,0,1,0,0,0,1,0,0,0,1,0,1,0,0,0,0,1,0,0,0,1,0,0,1,0,0,0,0,0,1,0,0
160,LP001560,1863,1041,98.0,1,2904,29.632653061224488,0.0,1.0,0,1,0,0,1,0,0,1,0,0,0,1,0,1,0,0,0,0,1,0,0,0,1,0,0,1,0,0,0,0,0,1,0,0
161,LP001562,7933,0,275.0,0,7933,28.847272727272728,0.0,0.0,0,1,0,1,0,0,0,0,1,0,0,1,0,1,0,0,0,0,1,0,0,0,1,0,0,0,1,0,0,0,0,1,0,0
162,LP001565,3089,1280,121.0,0,4369,36.107438016528924,1.0,1.0,0,1,0,1,0,0,0,1,0,0,0,1,0,0,1,0,0,0,1,0,0,1,0,0,0,1,0,0,0,0,0,1,0,0
163,LP001570,4167,1447,158.0,1,5614,35.53164556962025,1.0,1.0,0,1,0,1,0,0,1,0,0,0,0,1,0,0,0,1,0,0,1,0,0,0,1,0,1,0,0,0,0,0,0,1,0,0
164,LP001572,9323,0,75.0,1,9323,124.30666666666667,0.0,0.0,0,1,0,1,0,0,0,0,1,0,0,1,0,1,0,0,0,0,1,0,0,0,1,0,0,0,1,0,0,1,0,0,0,0
165,LP001574,3707,3166,182.0,1,6873,37.76373626373626,0.0,1.0,0,1,0,1,0,0,1,0,0,0,0,1,0,1,0,0,0,0,1,0,0,0,1,0,1,0,0,0,1,0,0,0,0,0
166,LP001577,4583,0,112.0,0,4583,40.919642857142854,0.0,0.0,1,0,0,1,0,0,1,0,0,0,0,1,0,1,0,0,0,0,1,0,0,0,1,0,1,0,0,0,0,0,0,1,0,0
167,LP001578,2439,3333,129.0,1,5772,44.74418604651163,0.0,1.0,0,1,0,1,0,0,1,0,0,0,0,1,0,1,0,0,0,0,1,0,0,0,1,0,1,0,0,0,0,0,0,1,0,0
168,LP001579,2237,0,63.0,0,2237,35.507936507936506,0.0,0.0,0,1,0,1,0,0,0,1,0,0,1,0,0,1,0,0,0,0,1,0,0,1,0,0,0,1,0,0,0,0,0,0,1,0
169,LP001580,8000,0,200.0,1,8000,40.0,1.0,0.0,0,1,0,1,0,0,0,1,0,0,0,1,0,0,0,1,0,0,1,0,0,0,1,0,0,1,0,0,0,0,0,1,0,0
170,LP001581,1820,1769,95.0,1,3589,37.77894736842105,0.0,1.0,0,1,0,0,1,0,1,0,0,0,0,1,0,1,0,0,0,0,0,0,1,0,1,0,1,0,0,0,0,0,0,1,0,0
171,LP001585,51763,0,700.0,1,51763,73.94714285714285,1.0,0.0,0,1,0,1,0,0,0,0,1,0,0,1,0,0,0,0,1,0,1,0,0,0,1,0,0,0,1,0,0,0,0,1,0,0
172,LP001586,3522,0,81.0,0,3522,43.48148148148148,1.0,0.0,0,1,0,0,1,0,1,0,0,0,0,1,0,0,0,0,1,0,1,0,0,0,1,0,1,0,0,0,0,1,0,0,0,0
173,LP001594,5708,5625,187.0,1,11333,60.60427807486631,0.0,1.0,0,1,0,1,0,0,0,1,0,0,0,1,0,1,0,0,0,0,1,0,0,0,1,0,0,1,0,0,0,0,0,1,0,0
174,LP001603,4344,736,87.0,0,5080,58.39080459770115,0.0,1.0,0,1,0,0,1,0,0,1,0,0,0,1,0,1,0,0,0,0,0,1,0,0,1,0,0,1,0,0,0,0,0,1,0,0
175,LP001606,3497,1964,116.0,1,5461,47.077586206896555,0.0,1.0,0,1,0,1,0,0,1,0,0,0,0,1,0,1,0,0,0,0,1,0,0,0,1,0,1,0,0,0,0,0,0,1,0,0
176,LP001608,2045,1619,101.0,1,3664,36.277227722772274,1.0,1.0,0,1,0,1,0,0,1,0,0,0,0,1,0,0,0,1,0,0,1,0,0,0,1,0,1,0,0,0,0,0,0,1,0,0
177,LP001610,5516,11300,495.0,0,16816,33.971717171717174,1.0,1.0,0,1,0,1,0,0,0,1,0,0,0,1,0,0,0,0,1,0,1,0,0,1,0,0,0,1,0,0,0,0,0,1,0,0
178,LP001616,3750,0,116.0,1,3750,32.327586206896555,1.0,0.0,0,1,0,1,0,0,0,1,0,0,0,1,0,0,1,0,0,0,1,0,0,0,1,0,0,1,0,0,0,0,0,1,0,0
179,LP001630,2333,1451,102.0,0,3784,37.09803921568628,0.0,1.0,0,1,0,0,1,0,0,0,1,0,1,0,0,1,0,0,0,0,1,0,0,1,0,0,0,0,1,0,0,0,0,0,1,0
180,LP001633,6400,7250,180.0,0,13650,75.83333333333333,1.0,1.0,0,1,0,1,0,0,0,0,1,0,0,1,0,0,1,0,0,0,1,0,0,1,0,0,0,0,1,0,0,0,0,1,0,0
181,LP001634,1916,5063,67.0,0,6979,104.16417910447761,0.0,1.0,0,1,0,1,0,0,1,0,0,0,1,0,0,1,0,0,0,0,1,0,0,0,0,1,1,0,0,0,0,0,0,1,0,0
182,LP001636,4600,0,73.0,1,4600,63.013698630136986,0.0,0.0,0,1,0,1,0,0,0,1,0,0,0,1,0,1,0,0,0,0,1,0,0,0,1,0,0,1,0,0,0,1,0,0,0,0
183,LP001637,33846,0,260.0,0,33846,130.1769230769231,1.0,0.0,0,1,0,1,0,0,0,1,0,0,0,1,0,0,1,0,0,0,1,0,0,0,1,0,0,1,0,0,0,0,0,1,0,0
184,LP001639,3625,0,108.0,1,3625,33.56481481481482,0.0,0.0,1,0,0,1,0,0,0,1,0,0,0,1,0,1,0,0,0,0,1,0,0,0,1,0,0,1,0,0,0,0,0,1,0,0
185,LP001640,39147,4750,120.0,1,43897,365.80833333333334,0.0,1.0,0,1,0,1,0,0,0,1,0,0,0,1,0,1,0,0,0,0,0,1,0,0,1,0,0,1,0,0,0,0,0,1,0,0
186,LP001641,2178,0,66.0,0,2178,33.0,1.0,0.0,0,1,0,1,0,0,1,0,0,0,0,1,0,0,1,0,0,0,0,1,0,1,0,0,1,0,0,0,0,0,0,1,0,0
187,LP001643,2383,2138,58.0,1,4521,77.94827586206897,0.0,1.0,0,1,0,1,0,0,1,0,0,0,0,1,0,1,0,0,0,0,1,0,0,0,0,1,1,0,0,0,0,0,0,1,0,0
188,LP001644,674,5296,168.0,1,5970,35.535714285714285,0.0,1.0,0,1,0,1,0,0,1,0,0,0,0,1,0,1,0,0,0,0,0,1,0,0,1,0,1,0,0,0,0,0,0,1,0,0
189,LP001647,9328,0,188.0,1,9328,49.61702127659574,0.0,0.0,0,1,0,1,0,0,1,0,0,0,0,1,0,1,0,0,0,0,1,0,0,0,1,0,1,0,0,0,0,1,0,0,0,0
190,LP001653,4885,0,48.0,1,4885,101.77083333333333,0.0,0.0,0,1,0,0,1,0,1,0,0,0,1,0,0,1,0,0,0,0,1,0,0,0,1,0,1,0,0,0,0,0,0,1,0,0
191,LP001656,12000,0,164.0,0,12000,73.17073170731707,0.0,0.0,0,1,0,1,0,0,0,1,0,0,1,0,0,1,0,0,0,0,1,0,0,0,1,0,0,1,0,0,0,0,0,1,0,0
192,LP001657,6033,0,160.0,0,6033,37.70625,0.0,0.0,0,1,0,0,1,0,0,0,1,0,0,1,0,1,0,0,0,0,1,0,0,0,1,0,0,0,1,0,0,0,0,1,0,0
193,LP001658,3858,0,76.0,1,3858,50.76315789473684,0.0,0.0,0,1,0,1,0,0,0,1,0,0,1,0,0,1,0,0,0,0,1,0,0,0,1,0,0,1,0,0,0,0,0,1,0,0
194,LP001664,4191,0,120.0,1,4191,34.925,0.0,0.0,0,1,0,1,0,0,1,0,0,0,1,0,0,1,0,0,0,0,1,0,0,0,1,0,1,0,0,0,0,0,0,1,0,0
195,LP001665,3125,2583,170.0,0,5708,33.576470588235296,1.0,1.0,0,1,0,1,0,0,0,1,0,0,0,1,0,0,1,0,0,0,1,0,0,0,1,0,0,1,0,0,0,0,0,1,0,0
196,LP001666,8333,3750,187.0,1,12083,64.61497326203208,0.0,1.0,0,1,0,1,0,0,1,0,0,0,1,0,0,1,0,0,0,0,1,0,0,0,1,0,1,0,0,0,0,0,0,1,0,0
197,LP001669,1907,2365,120.0,1,4272,35.6,0.0,1.0,1,0,0,0,1,0,0,0,1,0,1,0,0,1,0,0,0,0,1,0,0,0,1,0,0,0,1,0,1,0,0,0,0,0
198,LP001671,3416,2816,113.0,1,6232,55.150442477876105,0.0,1.0,1,0,0,1,0,0,0,1,0,0,0,1,0,1,0,0,0,0,1,0,0,0,0,1,0,1,0,0,0,0,0,1,0,0
199,LP001673,11000,0,83.0,0,11000,132.53012048192772,0.0,0.0,0,1,0,1,0,0,0,0,1,0,1,0,0,1,0,0,0,0,0,1,0,0,1,0,0,0,1,0,0,0,0,1,0,0
200,LP001674,2600,2500,90.0,1,5100,56.666666666666664,1.0,1.0,0,1,0,0,1,0,0,1,0,0,0,1,0,0,1,0,0,0,1,0,0,0,1,0,0,1,0,0,0,0,0,1,0,0
201,LP001677,4923,0,166.0,1,4923,29.656626506024097,0.0,0.0,0,1,0,1,0,0,0,1,0,0,1,0,0,0,0,1,0,0,1,0,0,1,0,0,0,1,0,0,0,0,0,1,0,0
202,LP001682,3992,0,103.0,0,3992,38.75728155339806,1.0,0.0,0,1,0,0,1,0,0,0,1,0,0,1,0,0,0,0,1,0,1,0,0,0,1,0,0,0,1,0,0,1,0,0,0,0
203,LP001688,3500,1083,135.0,1,4583,33.94814814814815,1.0,1.0,0,1,0,0,1,0,0,0,1,0,0,1,0,0,1,0,0,0,1,0,0,0,1,0,0,0,1,0,0,0,0,1,0,0
204,LP001691,3917,0,124.0,1,3917,31.588709677419356,1.0,0.0,0,1,0,0,1,0,0,1,0,0,0,1,0,0,0,1,0,0,1,0,0,0,1,0,0,1,0,0,0,0,0,1,0,0
205,LP001692,4408,0,120.0,1,4408,36.733333333333334,0.0,0.0,1,0,0,0,1,0,0,1,0,0,1,0,0,1,0,0,0,0,1,0,0,0,1,0,0,1,0,0,0,0,0,1,0,0
206,LP001693,3244,0,80.0,1,3244,40.55,0.0,0.0,1,0,0,1,0,0,0,0,1,0,1,0,0,1,0,0,0,0,1,0,0,0,1,0,0,0,1,0,0,0,0,1,0,0
207,LP001698,3975,2531,55.0,1,6506,118.2909090909091,0.0,1.0,0,1,0,0,1,0,1,0,0,0,1,0,0,1,0,0,0,0,1,0,0,0,1,0,1,0,0,0,0,0,0,1,0,0
208,LP001699,2479,0,59.0,1,2479,42.016949152542374,0.0,0.0,0,1,0,1,0,0,0,0,1,0,1,0,0,1,0,0,0,0,1,0,0,0,1,0,0,0,1,0,0,0,0,1,0,0
209,LP001702,3418,0,127.0,0,3418,26.913385826771652,0.0,0.0,0,1,0,1,0,0,0,1,0,0,1,0,0,1,0,0,0,0,1,0,0,0,1,0,0,1,0,0,0,0,0,1,0,0
210,LP001708,10000,0,214.0,0,10000,46.728971962616825,0.0,0.0,1,0,0,1,0,0,0,1,0,0,1,0,0,1,0,0,0,0,1,0,0,0,1,0,0,1,0,0,0,0,0,1,0,0
211,LP001711,3430,1250,128.0,0,4680,36.5625,1.0,1.0,0,1,0,1,0,0,0,1,0,0,0,1,0,0,0,0,1,0,1,0,0,1,0,0,0,1,0,0,0,0,0,1,0,0
212,LP001713,7787,0,240.0,1,7787,32.44583333333333,1.0,0.0,0,1,0,1,0,0,0,0,1,0,0,1,0,0,1,0,0,0,0,1,0,0,1,0,0,0,1,0,0,0,0,1,0,0
213,LP001715,5703,0,130.0,1,5703,43.86923076923077,1.0,0.0,0,1,0,0,1,0,1,0,0,0,0,1,0,0,0,0,1,0,0,1,0,0,1,0,1,0,0,0,0,0,0,1,0,0
214,LP001716,3173,3021,137.0,1,6194,45.21167883211679,0.0,1.0,0,1,0,1,0,0,0,0,1,0,0,1,0,1,0,0,0,0,1,0,0,0,1,0,0,0,1,0,0,0,0,1,0,0
215,LP001720,3850,983,100.0,1,4833,48.33,1.0,1.0,0,1,0,0,1,0,0,1,0,0,0,1,0,0,0,0,1,0,1,0,0,0,1,0,0,1,0,0,0,0,0,1,0,0
216,LP001722,150,1800,135.0,0,1950,14.444444444444445,0.0,1.0,0,1,0,1,0,0,1,0,0,0,0,1,0,1,0,0,0,0,1,0,0,0,1,0,1,0,0,0,0,0,0,1,0,0
217,LP001726,3727,1775,131.0,1,5502,42.0,0.0,1.0,0,1,0,1,0,0,0,1,0,0,0,1,0,1,0,0,0,0,1,0,0,0,1,0,0,1,0,0,0,0,0,1,0,0
218,LP001732,5000,0,72.0,0,5000,69.44444444444444,1.0,0.0,0,1,0,1,0,0,0,1,0,0,0,1,0,0,0,1,0,0,0,0,1,1,0,0,0,1,0,0,0,0,0,1,0,0
219,LP001734,4283,2383,127.0,1,6666,52.488188976377955,1.0,1.0,1,0,0,1,0,0,0,1,0,0,0,1,0,0,0,1,0,0,1,0,0,0,0,1,0,1,0,0,0,0,0,1,0,0
220,LP001736,2221,0,60.0,0,2221,37.016666666666666,0.0,0.0,0,1,0,1,0,0,0,0,1,0,0,1,0,1,0,0,0,0,1,0,0,1,0,0,0,0,1,0,0,0,0,1,0,0
221,LP001743,4009,1717,116.0,1,5726,49.36206896551724,1.0,1.0,0,1,0,1,0,0,0,1,0,0,0,1,0,0,0,1,0,0,1,0,0,0,1,0,0,1,0,0,0,0,0,1,0,0
222,LP001744,2971,2791,144.0,1,5762,40.013888888888886,0.0,1.0,0,1,0,1,0,0,0,1,0,0,1,0,0,1,0,0,0,0,1,0,0,0,1,0,0,1,0,0,0,0,0,1,0,0
223,LP001749,7578,1010,175.0,1,8588,49.074285714285715,0.0,1.0,0,1,0,1,0,0,0,1,0,0,0,1,0,1,0,0,0,0,1,0,0,0,1,0,0,1,0,0,1,0,0,0,0,0
224,LP001750,6250,0,128.0,1,6250,48.828125,0.0,0.0,0,1,0,1,0,0,0,1,0,0,0,1,0,1,0,0,0,0,1,0,0,0,1,0,0,1,0,0,0,0,0,1,0,0
225,LP001751,3250,0,170.0,0,3250,19.11764705882353,0.0,0.0,0,1,0,1,0,0,1,0,0,0,0,1,0,1,0,0,0,0,1,0,0,0,1,0,1,0,0,0,0,0,0,1,0,0
226,LP001754,4735,0,138.0,0,4735,34.31159420289855,0.0,0.0,0,1,0,0,1,0,0,0,1,0,0,1,0,1,0,0,0,0,0,1,0,0,1,0,0,0,1,0,0,0,0,1,0,0
227,LP001758,6250,1695,210.0,1,7945,37.833333333333336,1.0,1.0,0,1,0,1,0,0,0,1,0,0,0,1,0,0,0,1,0,0,1,0,0,0,1,0,0,1,0,0,0,0,0,1,0,0
228,LP001760,4758,0,158.0,1,4758,30.11392405063291,0.0,0.0,0,1,0,1,0,0,0,1,0,0,0,1,0,1,0,0,0,0,1,0,0,0,1,0,0,1,0,0,0,0,0,0,1,0
229,LP001761,6400,0,200.0,1,6400,32.0,0.0,0.0,0,1,0,1,0,0,1,0,0,0,1,0,0,1,0,0,0,0,0,1,0,0,1,0,1,0,0,0,0,0,0,1,0,0
230,LP001765,2491,2054,104.0,1,4545,43.70192307692308,1.0,1.0,0,1,0,1,0,0,0,1,0,0,0,1,0,0,1,0,0,0,1,0,0,0,1,0,0,1,0,0,0,0,0,1,0,0
231,LP001768,3716,0,42.0,1,3716,88.47619047619048,0.0,0.0,0,1,0,1,0,0,1,0,0,0,0,1,0,1,0,0,0,0,0,0,1,0,1,0,1,0,0,0,0,1,0,0,0,0
232,LP001770,3189,2598,120.0,1,5787,48.225,0.0,1.0,0,1,0,0,1,0,1,0,0,0,1,0,0,1,0,0,0,0,1,0,0,0,1,0,1,0,0,0,1,0,0,0,0,0
233,LP001776,8333,0,280.0,1,8333,29.760714285714286,0.0,0.0,1,0,0,1,0,0,0,1,0,0,1,0,0,1,0,0,0,0,1,0,0,0,1,0,0,1,0,0,0,0,0,1,0,0
234,LP001778,3155,1779,140.0,1,4934,35.24285714285714,1.0,1.0,0,1,0,1,0,0,0,1,0,0,0,1,0,0,1,0,0,0,1,0,0,0,1,0,0,1,0,0,0,0,0,1,0,0
235,LP001784,5500,1260,170.0,1,6760,39.76470588235294,1.0,1.0,0,1,0,1,0,0,1,0,0,0,0,1,0,0,1,0,0,0,1,0,0,0,1,0,1,0,0,0,0,0,0,1,0,0
236,LP001786,5746,0,255.0,0,5746,22.533333333333335,0.0,0.0,0,1,0,1,0,0,0,0,1,0,0,1,0,1,0,0,0,0,0,0,1,0,0,1,0,0,1,0,0,0,0,1,0,0
237,LP001788,3463,0,122.0,1,3463,28.385245901639344,0.0,0.0,1,0,0,1,0,0,0,0,1,0,1,0,0,1,0,0,0,0,0,1,0,0,0,1,0,0,1,0,0,0,0,1,0,0
238,LP001790,3812,0,112.0,1,3812,34.035714285714285,0.0,0.0,1,0,0,1,0,0,1,0,0,0,1,0,0,0,1,0,0,0,1,0,0,0,1,0,1,0,0,0,0,0,0,1,0,0
239,LP001792,3315,0,96.0,1,3315,34.53125,1.0,0.0,0,1,0,1,0,0,0,1,0,0,0,1,0,0,1,0,0,0,1,0,0,0,1,0,0,1,0,0,0,0,0,1,0,0
240,LP001798,5819,5000,120.0,1,10819,90.15833333333333,1.0,1.0,0,1,0,1,0,0,1,0,0,0,0,1,0,0,0,1,0,0,1,0,0,0,1,0,1,0,0,0,0,0,0,1,0,0
241,LP001800,2510,1983,140.0,0,4493,32.09285714285714,1.0,1.0,0,1,0,0,1,0,0,0,1,0,0,1,0,0,1,0,0,0,1,0,0,0,1,0,0,0,1,0,0,1,0,0,0,0
242,LP001806,2965,5701,155.0,1,8666,55.909677419354836,0.0,1.0,0,1,0,1,0,0,0,0,1,0,1,0,0,1,0,0,0,0,1,0,0,0,1,0,0,0,1,0,1,0,0,0,0,0
243,LP001807,6250,1300,108.0,1,7550,69.9074074074074,1.0,1.0,0,1,0,1,0,0,1,0,0,0,0,1,0,0,0,1,0,0,0,1,0,0,1,0,1,0,0,0,0,0,0,1,0,0
244,LP001811,3406,4417,123.0,1,7823,63.60162601626016,0.0,1.0,0,1,0,0,1,0,0,1,0,0,0,1,0,1,0,0,0,0,1,0,0,0,1,0,0,1,0,0,0,0,0,1,0,0
245,LP001813,6050,4333,120.0,0,10383,86.525,0.0,1.0,0,1,0,1,0,0,0,0,1,0,1,0,0,1,0,0,0,0,0,1,0,0,1,0,0,0,1,0,0,1,0,0,0,0
246,LP001814,9703,0,112.0,1,9703,86.63392857142857,1.0,0.0,0,1,0,1,0,0,0,0,1,0,0,1,0,0,0,1,0,0,1,0,0,0,1,0,0,0,1,0,0,0,0,1,0,0
247,LP001819,6608,0,137.0,1,6608,48.23357664233577,1.0,0.0,0,1,0,0,1,0,0,0,1,0,0,1,0,0,1,0,0,0,1,0,0,0,1,0,0,0,1,0,0,1,0,0,0,0
248,LP001824,2882,1843,123.0,1,4725,38.41463414634146,1.0,1.0,0,1,0,1,0,0,0,1,0,0,0,1,0,0,1,0,0,0,1,0,0,0,1,0,0,1,0,0,0,0,0,0,1,0
249,LP001825,1809,1868,90.0,1,3677,40.855555555555554,0.0,1.0,0,1,0,1,0,0,0,0,1,0,0,1,0,1,0,0,0,0,1,0,0,0,1,0,0,0,1,0,0,0,0,1,0,0
250,LP001835,1668,3890,201.0,0,5558,27.65174129353234,0.0,1.0,0,1,0,0,1,0,0,1,0,0,0,1,0,1,0,0,0,0,1,0,0,1,0,0,0,1,0,0,0,0,0,1,0,0
251,LP001836,3427,0,138.0,0,3427,24.833333333333332,0.0,0.0,1,0,0,1,0,0,0,0,1,0,1,0,0,0,0,1,0,0,1,0,0,0,1,0,0,0,1,0,0,0,0,1,0,0
252,LP001841,2583,2167,104.0,1,4750,45.67307692307692,0.0,1.0,0,1,0,0,1,0,1,0,0,0,1,0,0,1,0,0,0,0,0,1,0,0,1,0,1,0,0,0,0,0,0,1,0,0
253,LP001843,2661,7101,279.0,1,9762,34.98924731182796,1.0,1.0,0,1,0,0,1,0,0,1,0,0,0,1,0,0,1,0,0,0,1,0,0,0,1,0,0,1,0,0,0,1,0,0,0,0
254,LP001844,16250,0,192.0,0,16250,84.63541666666667,0.0,0.0,0,1,0,1,0,0,0,0,1,0,1,0,0,1,0,0,0,0,0,1,0,1,0,0,0,0,1,0,0,0,0,1,0,0
255,LP001846,3083,0,255.0,1,3083,12.090196078431372,0.0,0.0,1,0,0,1,0,0,1,0,0,0,1,0,0,0,0,0,1,0,1,0,0,0,1,0,1,0,0,0,0,0,0,1,0,0
256,LP001849,6045,0,115.0,0,6045,52.56521739130435,0.0,0.0,0,1,0,0,1,0,1,0,0,0,1,0,0,1,0,0,0,0,1,0,0,1,0,0,1,0,0,0,0,0,0,1,0,0
257,LP001854,5250,0,94.0,0,5250,55.851063829787236,1.0,0.0,0,1,0,1,0,0,0,0,1,0,0,1,0,0,0,0,1,0,1,0,0,0,1,0,0,0,1,0,0,0,0,1,0,0
258,LP001859,14683,2100,304.0,0,16783,55.20723684210526,0.0,1.0,0,1,0,1,0,0,1,0,0,0,0,1,0,1,0,0,0,0,1,0,0,0,1,0,1,0,0,0,0,0,0,1,0,0
259,LP001864,4931,0,128.0,0,4931,38.5234375,1.0,0.0,0,1,0,0,1,0,0,1,0,0,0,1,0,0,0,0,1,0,1,0,0,0,0,1,0,1,0,0,0,0,0,1,0,0
260,LP001865,6083,4250,330.0,1,10333,31.312121212121212,1.0,1.0,0,1,0,1,0,0,0,0,1,0,0,1,0,0,1,0,0,0,1,0,0,0,0,1,0,0,1,0,0,0,0,1,0,0
261,LP001868,2060,2209,134.0,1,4269,31.85820895522388,0.0,1.0,0,1,0,1,0,0,0,1,0,0,1,0,0,1,0,0,0,0,1,0,0,0,1,0,0,1,0,0,0,0,0,1,0,0
262,LP001870,3481,0,155.0,0,3481,22.45806451612903,0.0,0.0,1,0,0,1,0,0,0,1,0,0,1,0,0,0,1,0,0,0,1,0,0,0,1,0,0,1,0,0,1,0,0,0,0,0
263,LP001871,7200,0,120.0,1,7200,60.0,0.0,0.0,1,0,0,1,0,0,1,0,0,0,1,0,0,1,0,0,0,0,1,0,0,0,1,0,1,0,0,0,0,0,0,1,0,0
264,LP001872,5166,0,128.0,1,5166,40.359375,0.0,0.0,0,1,0,1,0,0,0,1,0,0,1,0,0,1,0,0,0,0,0,1,0,0,1,0,0,1,0,0,0,0,0,1,0,0
265,LP001875,4095,3447,151.0,1,7542,49.94701986754967,0.0,1.0,0,1,0,1,0,0,1,0,0,0,1,0,0,1,0,0,0,0,1,0,0,0,1,0,1,0,0,0,0,0,0,1,0,0
266,LP001877,4708,1387,150.0,1,6095,40.63333333333333,1.0,1.0,0,1,0,1,0,0,0,1,0,0,0,1,0,0,0,1,0,0,1,0,0,0,1,0,0,1,0,0,0,0,0,1,0,0
267,LP001882,4333,1811,160.0,1,6144,38.4,1.0,1.0,0,1,0,1,0,0,0,0,1,0,0,1,0,0,0,0,1,0,1,0,0,1,0,0,0,0,1,0,0,0,0,1,0,0
268,LP001883,3418,0,135.0,0,3418,25.31851851851852,0.0,0.0,1,0,0,1,0,0,1,0,0,0,1,0,0,1,0,0,0,0,0,0,1,0,1,0,1,0,0,0,0,0,0,1,0,0
269,LP001884,2876,1560,90.0,1,4436,49.28888888888889,0.0,1.0,1,0,0,1,0,0,0,0,1,0,1,0,0,0,1,0,0,0,1,0,0,0,1,0,0,0,1,0,0,0,0,1,0,0
270,LP001888,3237,0,30.0,1,3237,107.9,0.0,0.0,1,0,0,1,0,0,0,0,1,0,1,0,0,1,0,0,0,0,1,0,0,0,1,0,0,0,1,0,0,0,0,1,0,0
271,LP001891,11146,0,136.0,1,11146,81.95588235294117,0.0,0.0,0,1,0,1,0,0,0,0,1,0,0,1,0,1,0,0,0,0,1,0,0,0,1,0,0,0,1,0,0,0,0,1,0,0
272,LP001892,2833,1857,126.0,1,4690,37.22222222222222,0.0,1.0,0,1,0,1,0,0,1,0,0,0,1,0,0,1,0,0,0,0,1,0,0,0,1,0,1,0,0,0,0,0,0,1,0,0
273,LP001894,2620,2223,150.0,1,4843,32.28666666666667,0.0,1.0,0,1,0,1,0,0,0,1,0,0,0,1,0,1,0,0,0,0,1,0,0,0,1,0,0,1,0,0,0,0,0,1,0,0
274,LP001896,3900,0,90.0,1,3900,43.333333333333336,1.0,0.0,0,1,0,1,0,0,0,1,0,0,0,1,0,0,0,1,0,0,1,0,0,0,1,0,0,1,0,0,0,0,0,1,0,0
275,LP001900,2750,1842,115.0,1,4592,39.93043478260869,1.0,1.0,0,1,0,1,0,0,0,1,0,0,0,1,0,0,1,0,0,0,1,0,0,0,1,0,0,1,0,0,0,0,0,1,0,0
276,LP001903,3993,3274,207.0,1,7267,35.106280193236714,0.0,1.0,0,1,0,1,0,0,0,1,0,0,0,1,0,1,0,0,0,0,1,0,0,0,1,0,0,1,0,0,0,0,0,1,0,0
277,LP001904,3103,1300,80.0,1,4403,55.0375,0.0,1.0,0,1,0,1,0,0,0,0,1,0,0,1,0,1,0,0,0,0,1,0,0,0,1,0,0,0,1,0,0,0,0,1,0,0
278,LP001907,14583,0,436.0,1,14583,33.44724770642202,0.0,0.0,0,1,0,1,0,0,0,1,0,0,0,1,0,1,0,0,0,0,1,0,0,0,1,0,0,1,0,0,0,0,0,1,0,0
279,LP001908,4100,0,124.0,1,4100,33.064516129032256,0.0,0.0,1,0,0,0,1,0,1,0,0,0,0,1,0,1,0,0,0,0,1,0,0,0,0,1,1,0,0,0,0,0,0,1,0,0
280,LP001910,4053,2426,158.0,0,6479,41.00632911392405,0.0,1.0,0,1,0,0,1,0,0,0,1,0,1,0,0,0,1,0,0,0,0,1,0,1,0,0,0,0,1,0,0,0,0,1,0,0
281,LP001914,3927,800,112.0,1,4727,42.205357142857146,0.0,1.0,0,1,0,1,0,0,0,1,0,0,0,1,0,1,0,0,0,0,1,0,0,0,1,0,0,1,0,0,0,0,0,1,0,0
282,LP001915,2301,986,78.0,1,3287,42.14102564102564,1.0,1.0,0,1,0,1,0,0,0,0,1,0,0,1,0,0,0,1,0,0,1,0,0,0,1,0,0,0,1,0,0,1,0,0,0,0
283,LP001917,1811,1666,54.0,1,3477,64.38888888888889,0.0,1.0,1,0,0,1,0,0,0,0,1,0,1,0,0,1,0,0,0,0,1,0,0,0,1,0,0,0,1,0,0,0,0,1,0,0
284,LP001922,20667,0,152.0,0,20667,135.9671052631579,0.0,0.0,0,1,0,1,0,0,1,0,0,0,0,1,0,1,0,0,0,0,1,0,0,0,1,0,1,0,0,0,0,0,0,1,0,0
285,LP001924,3158,3053,89.0,1,6211,69.78651685393258,0.0,1.0,0,1,0,1,0,0,1,0,0,0,1,0,0,1,0,0,0,0,1,0,0,0,1,0,1,0,0,0,0,0,0,1,0,0
286,LP001925,2600,1717,99.0,0,4317,43.60606060606061,0.0,1.0,1,0,0,1,0,0,0,1,0,0,1,0,0,1,0,0,0,0,0,1,0,0,1,0,0,1,0,0,0,0,0,1,0,0
287,LP001926,3704,2000,120.0,1,5704,47.53333333333333,0.0,1.0,0,1,0,1,0,0,1,0,0,0,0,1,0,1,0,0,0,0,1,0,0,0,1,0,1,0,0,0,0,0,0,1,0,0
288,LP001931,4124,0,115.0,1,4124,35.86086956521739,0.0,0.0,1,0,0,1,0,0,0,1,0,0,1,0,0,1,0,0,0,0,1,0,0,0,1,0,0,1,0,0,0,0,0,1,0,0
289,LP001935,9508,0,187.0,1,9508,50.844919786096256,0.0,0.0,0,1,0,1,0,0,1,0,0,0,1,0,0,1,0,0,0,0,1,0,0,0,1,0,1,0,0,0,0,0,0,1,0,0
290,LP001936,3075,2416,139.0,1,5491,39.50359712230216,0.0,1.0,0,1,0,1,0,0,1,0,0,0,0,1,0,1,0,0,0,0,1,0,0,0,1,0,1,0,0,0,0,0,0,1,0,0
291,LP001938,4400,0,127.0,0,4400,34.645669291338585,1.0,0.0,0,1,0,1,0,0,0,1,0,0,0,1,0,0,0,1,0,0,1,0,0,1,0,0,0,1,0,0,0,0,0,1,0,0
292,LP001940,3153,1560,134.0,1,4713,35.17164179104478,1.0,1.0,0,1,0,1,0,0,0,0,1,0,0,1,0,0,0,1,0,0,1,0,0,0,1,0,0,0,1,0,0,0,0,1,0,0
293,LP001945,5417,0,143.0,0,5417,37.88111888111888,0.0,0.0,1,0,0,1,0,0,0,0,1,0,1,0,0,1,0,0,0,0,1,0,0,1,0,0,0,0,1,0,0,0,0,0,1,0
294,LP001947,2383,3334,172.0,1,5717,33.23837209302326,0.0,1.0,0,1,0,1,0,0,0,1,0,0,0,1,0,1,0,0,0,0,1,0,0,0,1,0,0,1,0,0,0,0,0,1,0,0
295,LP001949,4416,1250,110.0,1,5666,51.50909090909091,1.0,1.0,0,1,0,1,0,0,0,0,1,0,0,1,0,0,0,0,1,0,0,0,1,0,1,0,0,0,1,0,0,0,0,1,0,0
296,LP001953,6875,0,200.0,1,6875,34.375,1.0,0.0,0,1,0,1,0,0,0,1,0,0,0,1,0,0,1,0,0,0,1,0,0,0,1,0,0,1,0,0,0,0,0,1,0,0
297,LP001954,4666,0,135.0,1,4666,34.56296296296296,1.0,0.0,1,0,0,1,0,0,0,0,1,0,0,1,0,0,1,0,0,0,1,0,0,0,1,0,0,0,1,0,0,0,0,1,0,0
298,LP001955,5000,2541,151.0,0,7541,49.94039735099338,0.0,1.0,1,0,0,1,0,0,1,0,0,0,1,0,0,1,0,0,0,0,1,0,0,0,1,0,1,0,0,0,0,0,0,0,1,0
299,LP001963,2014,2925,113.0,0,4939,43.70796460176991,1.0,1.0,0,1,0,1,0,0,0,0,1,0,0,1,0,0,1,0,0,0,1,0,0,0,1,0,0,0,1,0,0,0,0,1,0,0
300,LP001964,1800,2934,93.0,0,4734,50.903225806451616,0.0,1.0,0,1,0,0,1,0,0,0,1,0,0,1,0,1,0,0,0,0,1,0,0,1,0,0,0,0,1,0,0,0,0,1,0,0
301,LP001972,2875,1750,105.0,1,4625,44.04761904761905,0.0,1.0,0,1,0,0,1,0,0,1,0,0,0,1,0,1,0,0,0,0,1,0,0,0,1,0,0,1,0,0,0,0,0,1,0,0
302,LP001974,5000,0,132.0,1,5000,37.878787878787875,0.0,0.0,1,0,0,1,0,0,1,0,0,0,1,0,0,1,0,0,0,0,1,0,0,0,1,0,1,0,0,0,0,0,0,1,0,0
303,LP001977,1625,1803,96.0,1,3428,35.708333333333336,1.0,1.0,0,1,0,1,0,0,0,0,1,0,0,1,0,0,1,0,0,0,1,0,0,0,1,0,0,0,1,0,0,0,0,1,0,0
304,LP001978,4000,2500,140.0,1,6500,46.42857142857143,0.0,1.0,0,1,0,1,0,0,1,0,0,0,1,0,0,1,0,0,0,0,1,0,0,0,1,0,1,0,0,0,0,0,0,1,0,0
305,LP001990,2000,0,94.0,0,2000,21.27659574468085,0.0,0.0,0,1,0,0,1,0,0,0,1,0,1,0,0,1,0,0,0,0,1,0,0,0,1,0,0,0,1,0,0,0,0,1,0,0
306,LP001993,3762,1666,135.0,1,5428,40.20740740740741,0.0,1.0,1,0,0,1,0,0,1,0,0,0,1,0,0,1,0,0,0,0,1,0,0,0,1,0,1,0,0,0,0,0,0,1,0,0
307,LP001994,2400,1863,104.0,0,4263,40.99038461538461,0.0,1.0,1,0,0,1,0,0,0,0,1,0,1,0,0,1,0,0,0,0,1,0,0,1,0,0,0,0,1,0,0,0,0,1,0,0
308,LP001996,20233,0,480.0,0,20233,42.15208333333333,0.0,0.0,0,1,0,1,0,0,1,0,0,0,1,0,0,1,0,0,0,0,1,0,0,0,1,0,1,0,0,0,0,0,0,1,0,0
309,LP001998,7667,0,185.0,1,7667,41.443243243243245,1.0,0.0,0,1,0,0,1,0,1,0,0,0,0,1,0,0,0,1,0,0,1,0,0,0,0,1,1,0,0,0,0,0,0,1,0,0
310,LP002002,2917,0,84.0,1,2917,34.726190476190474,0.0,0.0,1,0,0,1,0,0,0,1,0,0,1,0,0,1,0,0,0,0,1,0,0,0,1,0,0,1,0,0,0,0,0,1,0,0
311,LP002004,2927,2405,111.0,1,5332,48.03603603603604,0.0,1.0,0,1,0,0,1,0,0,1,0,0,1,0,0,1,0,0,0,0,1,0,0,0,1,0,0,1,0,0,0,0,0,1,0,0
312,LP002006,2507,0,56.0,1,2507,44.767857142857146,0.0,0.0,1,0,0,1,0,0,1,0,0,0,1,0,0,1,0,0,0,0,1,0,0,0,1,0,1,0,0,0,0,0,0,1,0,0
313,LP002008,5746,0,144.0,1,5746,39.90277777777778,1.0,0.0,0,1,0,1,0,0,1,0,0,0,0,1,0,0,0,1,0,0,0,1,0,0,0,1,1,0,0,0,1,0,0,0,0,0
314,LP002024,2473,1843,159.0,0,4316,27.144654088050313,0.0,1.0,0,1,0,1,0,0,1,0,0,0,0,1,0,1,0,0,0,0,1,0,0,0,1,0,1,0,0,0,0,0,0,1,0,0
315,LP002031,3399,1640,111.0,1,5039,45.3963963963964,1.0,1.0,0,1,0,0,1,0,0,0,1,0,0,1,0,0,1,0,0,0,1,0,0,0,1,0,0,0,1,0,0,1,0,0,0,0
316,LP002035,3717,0,120.0,1,3717,30.975,1.0,0.0,0,1,0,1,0,0,0,1,0,0,0,1,0,0,0,1,0,0,1,0,0,0,1,0,0,1,0,0,0,0,0,1,0,0
317,LP002036,2058,2134,88.0,1,4192,47.63636363636363,0.0,1.0,0,1,0,1,0,0,0,0,1,0,0,1,0,1,0,0,0,0,1,0,0,0,0,1,0,0,1,0,0,0,0,1,0,0
318,LP002043,3541,0,112.0,1,3541,31.616071428571427,0.0,0.0,1,0,0,1,0,0,0,1,0,0,1,0,0,0,1,0,0,0,1,0,0,0,0,1,0,1,0,0,0,0,0,1,0,0
319,LP002050,10000,0,155.0,0,10000,64.51612903225806,1.0,0.0,0,1,0,1,0,0,1,0,0,0,0,1,0,0,1,0,0,0,0,1,0,0,1,0,1,0,0,0,0,0,0,1,0,0
320,LP002051,2400,2167,115.0,1,4567,39.71304347826087,0.0,1.0,0,1,0,1,0,0,0,1,0,0,0,1,0,1,0,0,0,0,1,0,0,0,1,0,0,1,0,0,0,0,0,1,0,0
321,LP002053,4342,189,124.0,1,4531,36.54032258064516,1.0,1.0,0,1,0,1,0,0,0,1,0,0,0,1,0,0,0,0,1,0,1,0,0,0,1,0,0,1,0,0,0,0,0,1,0,0
322,LP002054,3601,1590,115.0,1,5191,45.13913043478261,1.0,1.0,0,1,0,0,1,0,1,0,0,0,0,1,0,0,0,1,0,0,1,0,0,0,1,0,1,0,0,0,0,0,0,1,0,0
323,LP002055,3166,2985,132.0,1,6151,46.59848484848485,0.0,1.0,1,0,0,1,0,0,1,0,0,0,1,0,0,1,0,0,0,0,1,0,0,0,0,1,1,0,0,0,0,0,0,1,0,0
324,LP002065,15000,0,300.0,1,15000,50.0,1.0,0.0,0,1,0,1,0,0,1,0,0,0,0,1,0,0,0,0,1,0,1,0,0,0,1,0,1,0,0,0,0,0,0,1,0,0
325,LP002067,8666,4983,376.0,0,13649,36.30053191489362,1.0,1.0,0,1,0,1,0,0,1,0,0,0,0,1,0,0,1,0,0,0,0,1,0,1,0,0,1,0,0,0,0,0,0,1,0,0
326,LP002068,4917,0,130.0,1,4917,37.823076923076925,0.0,0.0,0,1,0,1,0,0,1,0,0,0,1,0,0,1,0,0,0,0,1,0,0,1,0,0,1,0,0,0,0,0,0,1,0,0
327,LP002082,5818,2160,184.0,1,7978,43.358695652173914,0.0,1.0,0,1,0,1,0,0,0,1,0,0,0,1,0,1,0,0,0,0,0,1,0,0,1,0,0,1,0,0,0,0,0,1,0,0
328,LP002086,4333,2451,110.0,0,6784,61.67272727272727,0.0,1.0,1,0,0,1,0,0,0,0,1,0,0,1,0,1,0,0,0,0,1,0,0,0,1,0,0,0,1,0,0,0,0,1,0,0
329,LP002087,2500,0,67.0,1,2500,37.3134328358209,0.0,0.0,1,0,0,1,0,0,0,0,1,0,1,0,0,1,0,0,0,0,1,0,0,0,1,0,0,0,1,0,0,0,0,1,0,0
330,LP002097,4384,1793,117.0,1,6177,52.794871794871796,0.0,1.0,0,1,0,1,0,0,0,0,1,0,1,0,0,0,1,0,0,0,1,0,0,0,1,0,0,0,1,0,0,0,0,1,0,0
331,LP002098,2935,0,98.0,1,2935,29.948979591836736,0.0,0.0,0,1,0,1,0,0,0,1,0,0,1,0,0,1,0,0,0,0,1,0,0,0,1,0,0,1,0,0,0,0,0,1,0,0
332,LP002100,2833,0,71.0,1,2833,39.901408450704224,0.0,0.0,0,1,0,1,0,0,0,0,1,0,1,0,0,1,0,0,0,0,1,0,0,0,1,0,0,0,1,0,0,0,0,1,0,0
333,LP002101,63337,0,490.0,1,63337,129.25918367346938,0.0,0.0,0,1,0,1,0,0,0,0,1,0,0,1,0,1,0,0,0,0,0,0,1,0,1,0,0,0,1,0,0,1,0,0,0,0
334,LP002103,9833,1833,182.0,1,11666,64.0989010989011,1.0,1.0,0,1,0,1,0,0,0,0,1,0,0,1,0,0,1,0,0,0,0,1,0,0,1,0,0,0,1,0,0,1,0,0,0,0
335,LP002106,5503,4490,70.0,1,9993,142.75714285714287,0.0,1.0,0,1,0,1,0,0,0,1,0,0,0,1,0,1,0,0,0,0,0,1,0,0,1,0,0,1,0,0,1,0,0,0,0,0
336,LP002110,5250,688,160.0,1,5938,37.1125,1.0,1.0,0,1,0,1,0,0,1,0,0,0,0,1,0,0,1,0,0,0,0,0,1,0,1,0,1,0,0,0,0,0,0,1,0,0
337,LP002112,2500,4600,176.0,1,7100,40.34090909090909,1.0,1.0,0,1,0,1,0,0,1,0,0,0,0,1,0,0,0,1,0,0,0,1,0,0,1,0,1,0,0,0,0,0,0,1,0,0
338,LP002113,1830,0,146.0,0,1830,12.534246575342467,0.0,0.0,1,0,0,0,1,0,0,0,1,0,1,0,0,0,0,0,1,0,1,0,0,1,0,0,0,0,1,0,0,0,0,1,0,0
339,LP002114,4160,0,71.0,1,4160,58.59154929577465,0.0,0.0,1,0,0,1,0,0,0,1,0,0,1,0,0,1,0,0,0,0,1,0,0,0,1,0,0,1,0,0,0,0,0,1,0,0
340,LP002115,2647,1587,173.0,0,4234,24.473988439306357,1.0,1.0,0,1,0,0,1,0,1,0,0,0,0,1,0,0,0,0,1,0,1,0,0,0,1,0,1,0,0,0,0,0,0,1,0,0
341,LP002116,2378,0,46.0,0,2378,51.69565217391305,0.0,0.0,1,0,0,1,0,0,1,0,0,0,1,0,0,1,0,0,0,0,1,0,0,0,1,0,1,0,0,0,0,0,0,1,0,0
342,LP002119,4554,1229,158.0,1,5783,36.60126582278481,1.0,1.0,0,1,0,0,1,0,0,0,1,0,0,1,0,0,1,0,0,0,1,0,0,0,1,0,0,0,1,0,0,0,0,1,0,0
343,LP002126,3173,0,74.0,1,3173,42.87837837837838,1.0,0.0,0,1,0,0,1,0,0,1,0,0,0,1,0,0,0,0,1,0,1,0,0,0,1,0,0,1,0,0,0,0,0,1,0,0
344,LP002128,2583,2330,125.0,1,4913,39.304,1.0,1.0,0,1,0,1,0,0,1,0,0,0,0,1,0,0,0,1,0,0,0,0,1,0,1,0,1,0,0,0,0,0,0,1,0,0
345,LP002129,2499,2458,160.0,1,4957,30.98125,0.0,1.0,0,1,0,1,0,0,0,1,0,0,0,1,0,1,0,0,0,0,1,0,0,0,1,0,0,1,0,0,0,0,0,1,0,0
346,LP002130,3523,3230,152.0,0,6753,44.42763157894737,0.0,1.0,0,1,0,0,1,0,1,0,0,0,0,1,0,1,0,0,0,0,1,0,0,1,0,0,1,0,0,0,0,0,0,1,0,0
347,LP002131,3083,2168,126.0,1,5251,41.67460317460318,1.0,1.0,0,1,0,0,1,0,0,0,1,0,0,1,0,0,0,1,0,0,1,0,0,0,1,0,0,0,1,0,0,0,0,1,0,0
348,LP002137,6333,4583,259.0,1,10916,42.14671814671814,0.0,1.0,0,1,0,1,0,0,0,1,0,0,0,1,0,1,0,0,0,0,1,0,0,0,0,1,0,1,0,0,0,0,0,1,0,0
349,LP002138,2625,6250,187.0,1,8875,47.45989304812834,0.0,1.0,0,1,0,1,0,0,1,0,0,0,0,1,0,1,0,0,0,0,1,0,0,0,1,0,1,0,0,0,0,0,0,1,0,0
350,LP002139,9083,0,228.0,1,9083,39.83771929824562,0.0,0.0,0,1,0,1,0,0,0,1,0,0,0,1,0,1,0,0,0,0,1,0,0,0,1,0,0,1,0,0,0,0,0,1,0,0
351,LP002140,8750,4167,308.0,0,12917,41.938311688311686,0.0,1.0,0,1,0,1,0,0,1,0,0,0,1,0,0,1,0,0,0,0,1,0,0,0,1,0,1,0,0,0,0,0,0,1,0,0
352,LP002141,2666,2083,95.0,1,4749,49.98947368421052,1.0,1.0,0,1,0,1,0,0,1,0,0,0,0,1,0,0,0,0,1,0,1,0,0,0,1,0,1,0,0,0,0,0,0,1,0,0
353,LP002142,5500,0,105.0,0,5500,52.38095238095238,0.0,0.0,1,0,0,1,0,0,1,0,0,0,0,1,0,1,0,0,0,0,0,1,0,1,0,0,1,0,0,0,0,0,0,1,0,0
354,LP002143,2423,505,130.0,1,2928,22.523076923076925,0.0,1.0,1,0,0,1,0,0,0,1,0,0,0,1,0,1,0,0,0,0,1,0,0,0,1,0,0,1,0,0,0,0,0,1,0,0
355,LP002144,3813,0,116.0,1,3813,32.87068965517241,0.0,0.0,1,0,0,1,0,0,0,0,1,0,1,0,0,1,0,0,0,0,1,0,0,0,1,0,0,0,1,0,0,1,0,0,0,0
356,LP002149,8333,3167,165.0,1,11500,69.6969696969697,1.0,1.0,0,1,0,1,0,0,1,0,0,0,0,1,0,0,0,1,0,0,1,0,0,0,1,0,1,0,0,0,0,0,0,1,0,0
357,LP002151,3875,0,67.0,0,3875,57.83582089552239,1.0,0.0,0,1,0,1,0,0,0,0,1,0,0,1,0,0,1,0,0,0,1,0,0,0,1,0,0,0,1,0,0,0,0,1,0,0
358,LP002158,3000,1666,100.0,0,4666,46.66,0.0,1.0,0,1,0,0,1,0,0,0,1,0,0,1,0,1,0,0,0,0,1,0,0,1,0,0,0,0,1,0,0,0,0,0,1,0
359,LP002160,5167,3167,200.0,1,8334,41.67,1.0,1.0,0,1,0,1,0,0,0,1,0,0,0,1,0,0,0,0,1,0,1,0,0,0,1,0,0,1,0,0,0,0,0,1,0,0
360,LP002161,4723,0,81.0,0,4723,58.30864197530864,0.0,0.0,1,0,0,1,0,0,0,1,0,0,1,0,0,0,1,0,0,0,1,0,0,0,1,0,0,1,0,0,0,0,0,1,0,0
361,LP002170,5000,3667,236.0,1,8667,36.72457627118644,1.0,1.0,0,1,0,1,0,0,0,1,0,0,0,1,0,0,0,1,0,0,1,0,0,0,1,0,0,1,0,0,0,0,0,1,0,0
362,LP002175,4750,2333,130.0,1,7083,54.48461538461538,0.0,1.0,0,1,0,1,0,0,0,0,1,0,0,1,0,1,0,0,0,0,1,0,0,0,1,0,0,0,1,0,0,0,0,1,0,0
363,LP002178,3013,3033,95.0,1,6046,63.642105263157895,0.0,1.0,0,1,0,1,0,0,0,0,1,0,0,1,0,1,0,0,0,0,1,0,0,0,0,1,0,0,1,0,0,0,0,1,0,0
364,LP002180,6822,0,141.0,1,6822,48.38297872340426,0.0,0.0,0,1,0,1,0,0,1,0,0,0,1,0,0,1,0,0,0,0,0,1,0,0,1,0,1,0,0,0,0,0,0,1,0,0
365,LP002181,6216,0,133.0,0,6216,46.73684210526316,0.0,0.0,0,1,0,0,1,0,1,0,0,0,1,0,0,1,0,0,0,0,1,0,0,0,1,0,1,0,0,0,0,0,0,1,0,0
366,LP002187,2500,0,96.0,0,2500,26.041666666666668,0.0,0.0,0,1,0,1,0,0,0,1,0,0,1,0,0,1,0,0,0,0,1,0,0,0,1,0,0,1,0,0,0,0,0,0,1,0
367,LP002188,5124,0,124.0,0,5124,41.32258064516129,0.0,0.0,0,1,0,1,0,0,1,0,0,0,1,0,0,1,0,0,0,0,1,0,0,1,0,0,1,0,0,0,1,0,0,0,0,0
368,LP002190,6325,0,175.0,1,6325,36.142857142857146,1.0,0.0,0,1,0,1,0,0,0,1,0,0,0,1,0,0,1,0,0,0,1,0,0,0,1,0,0,1,0,0,0,0,0,1,0,0
369,LP002191,19730,5266,570.0,0,24996,43.85263157894737,0.0,1.0,0,1,0,1,0,0,1,0,0,0,0,1,0,1,0,0,0,0,1,0,0,0,1,0,1,0,0,0,0,0,0,1,0,0
370,LP002194,15759,0,55.0,1,15759,286.5272727272727,0.0,0.0,1,0,0,1,0,0,0,1,0,0,1,0,0,1,0,0,0,0,0,1,0,0,1,0,0,1,0,0,0,0,0,1,0,0
371,LP002197,5185,0,155.0,1,5185,33.45161290322581,1.0,0.0,0,1,0,1,0,0,0,1,0,0,0,1,0,0,0,1,0,0,1,0,0,0,1,0,0,1,0,0,0,0,0,1,0,0
372,LP002201,9323,7873,380.0,1,17196,45.252631578947366,1.0,1.0,0,1,0,1,0,0,1,0,0,0,0,1,0,0,0,1,0,0,0,1,0,0,1,0,1,0,0,0,0,0,0,1,0,0
373,LP002205,3062,1987,111.0,0,5049,45.486486486486484,0.0,1.0,0,1,0,1,0,0,0,0,1,0,1,0,0,0,1,0,0,0,1,0,0,1,0,0,0,0,1,0,0,1,0,0,0,0
374,LP002209,2764,1459,110.0,1,4223,38.39090909090909,0.0,1.0,1,0,0,1,0,0,0,0,1,0,1,0,0,1,0,0,0,0,0,0,1,0,1,0,0,0,1,0,0,0,0,1,0,0
375,LP002211,4817,923,120.0,1,5740,47.833333333333336,0.0,1.0,0,1,0,1,0,0,0,0,1,0,0,1,0,1,0,0,0,0,1,0,0,0,1,0,0,0,1,0,0,1,0,0,0,0
376,LP002219,8750,4996,130.0,1,13746,105.73846153846154,1.0,1.0,0,1,0,1,0,0,1,0,0,0,0,1,0,0,0,0,1,0,1,0,0,0,1,0,1,0,0,0,0,0,0,1,0,0
377,LP002223,4310,0,130.0,1,4310,33.15384615384615,0.0,0.0,0,1,0,1,0,0,0,1,0,0,0,1,0,1,0,0,0,0,1,0,0,0,0,1,0,1,0,0,0,0,0,1,0,0
378,LP002224,3069,0,71.0,0,3069,43.225352112676056,0.0,0.0,0,1,0,1,0,0,0,0,1,0,1,0,0,1,0,0,0,0,1,0,0,0,1,0,0,0,1,0,0,0,0,0,1,0
379,LP002225,5391,0,130.0,1,5391,41.46923076923077,1.0,0.0,0,1,0,1,0,0,0,0,1,0,0,1,0,0,0,1,0,0,1,0,0,0,1,0,0,0,1,0,0,0,0,1,0,0
380,LP002226,3333,2500,128.0,1,5833,45.5703125,0.0,1.0,0,1,0,1,0,0,0,1,0,0,0,1,0,1,0,0,0,0,0,0,1,0,1,0,0,1,0,0,0,0,0,1,0,0
381,LP002229,5941,4232,296.0,1,10173,34.36824324324324,0.0,1.0,0,1,0,1,0,0,0,1,0,0,1,0,0,1,0,0,0,0,1,0,0,0,1,0,0,1,0,0,0,0,0,1,0,0
382,LP002231,6000,0,156.0,1,6000,38.46153846153846,0.0,0.0,1,0,0,1,0,0,0,0,1,0,1,0,0,1,0,0,0,0,1,0,0,0,1,0,0,0,1,0,0,0,0,1,0,0
383,LP002234,7167,0,128.0,1,7167,55.9921875,0.0,0.0,0,1,0,1,0,0,0,0,1,0,1,0,0,1,0,0,0,0,0,1,0,0,1,0,0,0,1,0,0,0,0,1,0,0
384,LP002236,4566,0,100.0,0,4566,45.66,1.0,0.0,0,1,0,1,0,0,0,0,1,0,0,1,0,0,0,1,0,0,1,0,0,0,1,0,0,0,1,0,0,0,0,1,0,0
385,LP002237,3667,0,113.0,1,3667,32.45132743362832,0.0,0.0,0,1,0,1,0,0,0,0,1,0,1,0,0,0,1,0,0,0,0,0,1,0,1,0,0,0,1,0,0,1,0,0,0,0
386,LP002239,2346,1600,132.0,1,3946,29.893939393939394,0.0,1.0,0,1,0,0,1,0,0,1,0,0,1,0,0,1,0,0,0,0,1,0,0,0,1,0,0,1,0,0,0,0,0,1,0,0
387,LP002243,3010,3136,129.0,0,6146,47.64341085271318,0.0,1.0,0,1,0,0,1,0,0,0,1,0,0,1,0,1,0,0,0,0,1,0,0,1,0,0,0,0,1,0,0,0,0,1,0,0
388,LP002244,2333,2417,136.0,1,4750,34.9264705882353,0.0,1.0,0,1,0,1,0,0,0,0,1,0,0,1,0,1,0,0,0,0,1,0,0,0,1,0,0,0,1,0,0,0,0,1,0,0
389,LP002250,5488,0,125.0,1,5488,43.904,0.0,0.0,0,1,0,1,0,0,1,0,0,0,0,1,0,1,0,0,0,0,1,0,0,0,1,0,1,0,0,0,0,0,0,1,0,0
390,LP002255,9167,0,185.0,1,9167,49.55135135135135,0.0,0.0,0,1,0,1,0,0,1,0,0,0,1,0,0,0,0,0,1,0,1,0,0,0,1,0,1,0,0,0,0,0,0,1,0,0
391,LP002262,9504,0,275.0,1,9504,34.56,1.0,0.0,0,1,0,1,0,0,1,0,0,0,0,1,0,0,0,0,1,0,1,0,0,0,1,0,1,0,0,0,0,0,0,1,0,0
392,LP002263,2583,2115,120.0,1,4698,39.15,0.0,1.0,0,1,0,1,0,0,0,0,1,0,0,1,0,1,0,0,0,0,1,0,0,0,0,1,0,0,1,0,0,0,0,1,0,0
393,LP002265,1993,1625,113.0,1,3618,32.017699115044245,1.0,1.0,0,1,0,0,1,0,0,1,0,0,0,1,0,0,0,1,0,0,1,0,0,0,1,0,0,1,0,0,0,1,0,0,0,0
394,LP002266,3100,1400,113.0,1,4500,39.823008849557525,1.0,1.0,0,1,0,1,0,0,0,0,1,0,0,1,0,0,0,1,0,0,1,0,0,0,1,0,0,0,1,0,0,0,0,1,0,0
395,LP002272,3276,484,135.0,1,3760,27.85185185185185,1.0,1.0,0,1,0,1,0,0,0,1,0,0,0,1,0,0,0,1,0,0,1,0,0,0,0,1,0,1,0,0,0,0,0,1,0,0
396,LP002277,3180,0,71.0,0,3180,44.7887323943662,0.0,0.0,1,0,0,1,0,0,0,0,1,0,1,0,0,1,0,0,0,0,1,0,0,1,0,0,0,0,1,0,0,0,0,1,0,0
397,LP002281,3033,1459,95.0,1,4492,47.28421052631579,0.0,1.0,0,1,0,1,0,0,0,0,1,0,0,1,0,1,0,0,0,0,1,0,0,0,1,0,0,0,1,0,0,0,0,1,0,0
398,LP002284,3902,1666,109.0,1,5568,51.08256880733945,0.0,1.0,0,1,0,0,1,0,1,0,0,0,1,0,0,1,0,0,0,0,1,0,0,0,1,0,1,0,0,0,0,0,0,1,0,0
399,LP002287,1500,1800,103.0,0,3300,32.03883495145631,0.0,1.0,1,0,0,1,0,0,0,1,0,0,1,0,0,1,0,0,0,0,1,0,0,1,0,0,0,1,0,0,0,0,0,1,0,0
400,LP002288,2889,0,45.0,0,2889,64.2,1.0,0.0,0,1,0,0,1,0,0,0,1,0,0,1,0,0,0,1,0,0,1,0,0,1,0,0,0,0,1,0,0,1,0,0,0,0
401,LP002296,2755,0,65.0,0,2755,42.38461538461539,0.0,0.0,0,1,0,0,1,0,1,0,0,0,1,0,0,1,0,0,0,0,1,0,0,0,1,0,1,0,0,0,0,0,0,1,0,0
402,LP002297,2500,20000,103.0,1,22500,218.44660194174756,0.0,1.0,0,1,0,1,0,0,0,1,0,0,1,0,0,1,0,0,0,0,1,0,0,0,1,0,0,1,0,0,0,0,0,1,0,0
403,LP002300,1963,0,53.0,1,1963,37.0377358490566,0.0,0.0,1,0,0,0,1,0,0,1,0,0,1,0,0,1,0,0,0,0,1,0,0,0,1,0,0,1,0,0,0,0,0,1,0,0
404,LP002301,7441,0,194.0,0,7441,38.355670103092784,0.0,0.0,1,0,0,1,0,0,1,0,0,0,1,0,0,1,0,0,0,0,0,1,0,0,1,0,1,0,0,0,0,0,0,1,0,0
405,LP002305,4547,0,115.0,1,4547,39.53913043478261,0.0,0.0,1,0,0,1,0,0,0,1,0,0,1,0,0,1,0,0,0,0,1,0,0,0,1,0,0,1,0,0,0,0,0,1,0,0
406,LP002308,2167,2400,115.0,1,4567,39.71304347826087,0.0,1.0,0,1,0,0,1,0,0,0,1,0,0,1,0,1,0,0,0,0,1,0,0,0,1,0,0,0,1,0,0,0,0,1,0,0
407,LP002314,2213,0,66.0,1,2213,33.53030303030303,0.0,0.0,1,0,0,0,1,0,1,0,0,0,1,0,0,1,0,0,0,0,1,0,0,0,1,0,1,0,0,0,0,0,0,1,0,0
408,LP002315,8300,0,152.0,0,8300,54.60526315789474,1.0,0.0,0,1,0,1,0,0,0,1,0,0,0,1,0,0,1,0,0,0,1,0,0,1,0,0,0,1,0,0,0,0,0,1,0,0
409,LP002317,81000,0,360.0,0,81000,225.0,1.0,0.0,0,1,0,1,0,0,1,0,0,0,0,1,0,0,0,0,1,0,1,0,0,1,0,0,1,0,0,0,0,0,0,1,0,0
410,LP002318,3867,0,62.0,0,3867,62.37096774193548,0.0,0.0,1,0,0,0,1,0,0,1,0,0,1,0,0,0,1,0,0,0,0,1,0,0,1,0,0,1,0,0,0,0,0,1,0,0
411,LP002319,6256,0,160.0,1,6256,39.1,0.0,0.0,0,1,0,1,0,0,0,0,1,0,0,1,0,1,0,0,0,0,0,0,1,0,0,1,0,0,1,0,0,0,0,1,0,0
412,LP002328,6096,0,218.0,0,6096,27.96330275229358,0.0,0.0,0,1,0,0,1,0,1,0,0,0,0,1,0,1,0,0,0,0,1,0,0,1,0,0,1,0,0,0,0,0,0,1,0,0
413,LP002332,2253,2033,110.0,1,4286,38.96363636363636,0.0,1.0,0,1,0,0,1,0,1,0,0,0,0,1,0,1,0,0,0,0,1,0,0,0,1,0,1,0,0,0,0,0,0,1,0,0
414,LP002335,2149,3237,178.0,0,5386,30.258426966292134,0.0,1.0,1,0,0,0,1,0,0,1,0,0,0,1,0,1,0,0,0,0,1,0,0,1,0,0,0,1,0,0,0,0,0,1,0,0
415,LP002337,2995,0,60.0,1,2995,49.916666666666664,0.0,0.0,1,0,0,1,0,0,0,0,1,0,1,0,0,1,0,0,0,0,1,0,0,0,1,0,0,0,1,0,0,0,0,1,0,0
416,LP002341,2600,0,160.0,0,2600,16.25,0.0,0.0,1,0,0,1,0,0,0,0,1,0,1,0,0,0,1,0,0,0,1,0,0,0,1,0,0,0,1,0,0,0,0,1,0,0
417,LP002342,1600,20000,239.0,0,21600,90.3765690376569,1.0,1.0,0,1,0,1,0,0,0,0,1,0,0,1,0,0,0,1,0,0,0,1,0,0,1,0,0,0,1,0,0,0,0,1,0,0
418,LP002345,1025,2773,112.0,1,3798,33.910714285714285,0.0,1.0,0,1,0,1,0,0,1,0,0,0,0,1,0,1,0,0,0,0,1,0,0,0,1,0,1,0,0,0,0,0,0,1,0,0
419,LP002347,3246,1417,138.0,1,4663,33.789855072463766,0.0,1.0,0,1,0,1,0,0,0,1,0,0,0,1,0,1,0,0,0,0,1,0,0,0,1,0,0,1,0,0,0,0,0,1,0,0
420,LP002348,5829,0,138.0,1,5829,42.23913043478261,0.0,0.0,0,1,0,1,0,0,1,0,0,0,0,1,0,1,0,0,0,0,1,0,0,0,1,0,1,0,0,0,0,0,0,1,0,0
421,LP002357,2720,0,80.0,0,2720,34.0,0.0,0.0,1,0,0,0,1,0,0,0,1,0,1,0,0,1,0,0,0,0,1,0,0,1,0,0,0,0,1,0,1,0,0,0,0,0
422,LP002361,1820,1719,100.0,1,3539,35.39,0.0,1.0,0,1,0,1,0,0,0,0,1,0,0,1,0,1,0,0,0,0,1,0,0,0,1,0,0,0,1,0,0,0,0,1,0,0
423,LP002362,7250,1667,110.0,0,8917,81.06363636363636,1.0,1.0,0,1,0,1,0,0,0,0,1,0,0,1,0,0,1,0,0,0,1,0,0,1,0,0,0,0,1,0,1,0,0,0,0,0
424,LP002364,14880,0,96.0,1,14880,155.0,0.0,0.0,0,1,0,1,0,0,0,1,0,0,0,1,0,1,0,0,0,0,1,0,0,0,1,0,0,1,0,0,0,0,0,1,0,0
425,LP002366,2666,4300,121.0,1,6966,57.570247933884296,0.0,1.0,0,1,0,1,0,0,1,0,0,0,0,1,0,1,0,0,0,0,1,0,0,0,1,0,1,0,0,0,0,0,0,1,0,0
426,LP002367,4606,0,81.0,0,4606,56.864197530864196,0.0,0.0,1,0,0,0,1,0,1,0,0,0,1,0,0,0,1,0,0,0,1,0,0,0,1,0,1,0,0,0,0,0,0,1,0,0
427,LP002368,5935,0,133.0,1,5935,44.62406015037594,1.0,0.0,0,1,0,1,0,0,0,1,0,0,0,1,0,0,0,1,0,0,1,0,0,0,1,0,0,1,0,0,0,0,0,1,0,0
428,LP002369,2920,1600,87.0,1,4520,51.95402298850575,0.0,1.0,0,1,0,1,0,0,1,0,0,0,0,1,0,1,0,0,0,0,1,0,0,0,1,0,1,0,0,0,0,0,0,1,0,0
429,LP002370,2717,0,60.0,1,2717,45.28333333333333,0.0,0.0,0,1,0,0,1,0,0,0,1,0,1,0,0,1,0,0,0,0,1,0,0,0,1,0,0,0,1,0,0,1,0,0,0,0
430,LP002377,8624,0,150.0,1,8624,57.49333333333333,0.0,0.0,1,0,0,1,0,0,0,1,0,0,1,0,0,0,1,0,0,0,0,1,0,0,1,0,0,1,0,0,0,0,0,1,0,0
431,LP002379,6500,0,105.0,0,6500,61.904761904761905,0.0,0.0,0,1,0,1,0,0,1,0,0,0,1,0,0,1,0,0,0,0,1,0,0,1,0,0,1,0,0,0,0,0,0,1,0,0
432,LP002386,12876,0,405.0,1,12876,31.79259259259259,0.0,0.0,0,1,0,1,0,0,0,1,0,0,1,0,0,1,0,0,0,0,0,0,1,0,1,0,0,1,0,0,0,0,0,1,0,0
433,LP002387,2425,2340,143.0,1,4765,33.32167832167832,0.0,1.0,0,1,0,1,0,0,0,1,0,0,0,1,0,1,0,0,0,0,1,0,0,0,1,0,0,1,0,0,0,0,0,1,0,0
434,LP002390,3750,0,100.0,1,3750,37.5,0.0,0.0,0,1,0,1,0,0,0,0,1,0,1,0,0,1,0,0,0,0,1,0,0,0,1,0,0,0,1,0,0,0,0,1,0,0
435,LP002393,10047,0,118.0,1,10047,85.14406779661017,0.0,0.0,1,0,0,1,0,0,0,1,0,0,0,1,0,1,0,0,0,0,1,0,0,0,1,0,0,1,0,0,0,0,1,0,0,0
436,LP002398,1926,1851,50.0,1,3777,75.54,0.0,1.0,0,1,0,1,0,0,0,1,0,0,1,0,0,1,0,0,0,0,1,0,0,0,1,0,0,1,0,0,0,0,0,1,0,0
437,LP002401,2213,1125,152.0,1,3338,21.960526315789473,0.0,1.0,0,1,0,1,0,0,0,0,1,0,0,1,0,1,0,0,0,0,1,0,0,0,1,0,0,0,1,0,0,0,0,1,0,0
438,LP002403,10416,0,187.0,0,10416,55.70053475935829,0.0,0.0,0,1,0,1,0,0,0,0,1,0,1,0,0,1,0,0,0,0,0,1,0,1,0,0,0,0,1,0,0,0,0,1,0,0
439,LP002407,7142,0,138.0,1,7142,51.7536231884058,0.0,0.0,1,0,0,0,1,0,1,0,0,0,0,1,0,1,0,0,0,0,0,1,0,0,1,0,1,0,0,0,0,0,0,1,0,0
440,LP002408,3660,5064,187.0,1,8724,46.6524064171123,0.0,1.0,0,1,0,1,0,0,0,1,0,0,1,0,0,1,0,0,0,0,1,0,0,0,1,0,0,1,0,0,0,0,0,1,0,0
441,LP002409,7901,1833,180.0,1,9734,54.077777777777776,0.0,1.0,0,1,0,1,0,0,1,0,0,0,0,1,0,1,0,0,0,0,1,0,0,0,1,0,1,0,0,0,0,0,0,1,0,0
442,LP002418,4707,1993,148.0,1,6700,45.270270270270274,0.0,1.0,0,1,0,0,1,0,0,1,0,0,1,0,0,0,0,0,1,0,1,0,0,0,1,0,0,1,0,0,0,0,0,1,0,0
443,LP002422,37719,0,152.0,1,37719,248.15131578947367,0.0,0.0,0,1,0,1,0,0,0,1,0,0,1,0,0,0,1,0,0,0,1,0,0,0,1,0,0,1,0,0,0,0,0,1,0,0
444,LP002424,7333,8333,175.0,1,15666,89.52,0.0,1.0,0,1,0,1,0,0,1,0,0,0,0,1,0,1,0,0,0,0,1,0,0,0,0,1,1,0,0,0,0,0,0,1,0,0
445,LP002429,3466,1210,130.0,1,4676,35.96923076923077,1.0,1.0,0,1,0,1,0,0,1,0,0,0,0,1,0,0,1,0,0,0,0,1,0,0,1,0,1,0,0,0,0,0,0,1,0,0
446,LP002434,4652,0,110.0,1,4652,42.29090909090909,1.0,0.0,0,1,0,0,1,0,1,0,0,0,0,1,0,0,0,1,0,0,1,0,0,0,1,0,1,0,0,0,0,0,0,1,0,0
447,LP002435,3539,1376,55.0,0,4915,89.36363636363636,0.0,1.0,0,1,0,1,0,0,1,0,0,0,0,1,0,1,0,0,0,0,0,0,1,0,1,0,1,0,0,0,0,0,0,1,0,0
448,LP002443,3340,1710,150.0,0,5050,33.666666666666664,1.0,1.0,0,1,0,1,0,0,1,0,0,0,0,1,0,0,0,1,0,0,1,0,0,1,0,0,1,0,0,0,0,0,0,1,0,0
449,LP002444,2769,1542,190.0,0,4311,22.689473684210526,0.0,1.0,0,1,0,0,1,0,0,1,0,0,1,0,0,0,1,0,0,0,0,1,0,0,0,1,0,1,0,0,0,0,0,1,0,0
450,LP002446,2309,1255,125.0,0,3564,28.512,1.0,1.0,0,1,0,0,1,0,1,0,0,0,0,1,0,0,0,1,0,0,1,0,0,1,0,0,1,0,0,0,0,0,0,1,0,0
451,LP002447,1958,1456,60.0,1,3414,56.9,1.0,1.0,0,1,0,0,1,0,0,0,1,0,0,1,0,0,0,1,0,0,1,0,0,0,0,1,0,0,1,0,0,0,0,1,0,0
452,LP002448,3948,1733,149.0,0,5681,38.12751677852349,0.0,1.0,0,1,0,1,0,0,1,0,0,0,0,1,0,1,0,0,0,0,1,0,0,1,0,0,1,0,0,0,0,0,0,1,0,0
453,LP002449,2483,2466,90.0,1,4949,54.98888888888889,0.0,1.0,0,1,0,1,0,0,1,0,0,0,0,1,0,1,0,0,0,0,1,0,0,1,0,0,1,0,0,0,0,1,0,0,0,0
454,LP002453,7085,0,84.0,1,7085,84.3452380952381,0.0,0.0,0,1,0,1,0,0,0,1,0,0,1,0,0,1,0,0,0,0,0,1,0,0,1,0,0,1,0,0,0,0,0,1,0,0
455,LP002455,3859,0,96.0,1,3859,40.197916666666664,1.0,0.0,0,1,0,1,0,0,0,1,0,0,0,1,0,0,0,1,0,0,1,0,0,0,1,0,0,1,0,0,0,0,0,1,0,0
456,LP002459,4301,0,118.0,1,4301,36.44915254237288,0.0,0.0,0,1,0,1,0,0,0,0,1,0,0,1,0,1,0,0,0,0,1,0,0,0,1,0,0,0,1,0,0,0,0,1,0,0
457,LP002467,3708,2569,173.0,0,6277,36.283236994219656,0.0,1.0,0,1,0,1,0,0,0,0,1,0,0,1,0,1,0,0,0,0,1,0,0,0,1,0,0,0,1,0,0,0,0,1,0,0
458,LP002472,4354,0,136.0,1,4354,32.01470588235294,0.0,0.0,0,1,0,1,0,0,1,0,0,0,1,0,0,0,0,1,0,0,1,0,0,0,1,0,1,0,0,0,0,0,0,1,0,0
459,LP002473,8334,0,160.0,0,8334,52.0875,0.0,0.0,0,1,0,1,0,0,0,1,0,0,0,1,0,1,0,0,0,0,1,0,0,0,1,0,0,1,0,0,0,0,0,1,0,0
460,LP002478,2083,4083,160.0,1,6166,38.5375,0.0,1.0,0,1,0,1,0,0,0,1,0,0,0,1,0,1,0,0,0,0,0,1,0,0,0,1,0,1,0,0,0,0,0,1,0,0
461,LP002484,7740,0,128.0,1,7740,60.46875,1.0,0.0,0,1,0,1,0,0,0,0,1,0,0,1,0,0,0,0,1,0,1,0,0,0,1,0,0,0,1,0,0,1,0,0,0,0
462,LP002487,3015,2188,153.0,1,5203,34.00653594771242,0.0,1.0,0,1,0,1,0,0,1,0,0,0,0,1,0,1,0,0,0,0,1,0,0,0,1,0,1,0,0,0,0,0,0,1,0,0
463,LP002489,5191,0,132.0,1,5191,39.32575757575758,0.0,0.0,1,0,0,0,1,0,0,1,0,0,1,0,0,0,1,0,0,0,0,0,1,0,1,0,0,1,0,0,0,0,0,1,0,0
464,LP002493,4166,0,98.0,0,4166,42.51020408163265,0.0,0.0,0,1,0,1,0,0,0,1,0,0,1,0,0,1,0,0,0,0,1,0,0,1,0,0,0,1,0,0,0,0,0,1,0,0
465,LP002494,6000,0,140.0,1,6000,42.857142857142854,0.0,0.0,0,1,0,1,0,0,1,0,0,0,1,0,0,1,0,0,0,0,1,0,0,0,1,0,1,0,0,0,0,0,0,1,0,0
466,LP002500,2947,1664,70.0,0,4611,65.87142857142857,1.0,1.0,0,1,0,0,1,0,0,0,1,0,0,1,0,0,0,0,1,0,1,0,0,1,0,0,0,0,1,0,0,1,0,0,0,0
467,LP002501,16692,0,110.0,1,16692,151.74545454545455,0.0,0.0,0,1,0,1,0,0,0,1,0,0,0,1,0,1,0,0,0,0,1,0,0,0,1,0,0,1,0,0,0,0,0,1,0,0
468,LP002502,210,2917,98.0,1,3127,31.908163265306122,1.0,1.0,1,0,0,0,1,0,0,1,0,0,0,1,0,0,0,1,0,0,0,0,1,0,1,0,0,1,0,0,0,0,0,1,0,0
469,LP002505,4333,2451,110.0,0,6784,61.67272727272727,0.0,1.0,0,1,0,1,0,0,0,0,1,0,0,1,0,1,0,0,0,0,1,0,0,0,1,0,0,0,1,0,0,0,0,1,0,0
470,LP002515,3450,2079,162.0,1,5529,34.129629629629626,1.0,1.0,0,1,0,1,0,0,0,1,0,0,0,1,0,0,1,0,0,0,0,1,0,0,1,0,0,1,0,0,0,0,0,1,0,0
471,LP002517,2653,1500,113.0,0,4153,36.75221238938053,1.0,1.0,0,1,0,0,1,0,1,0,0,0,0,1,0,0,1,0,0,0,1,0,0,1,0,0,1,0,0,0,0,1,0,0,0,0
472,LP002519,4691,0,100.0,1,4691,46.91,1.0,0.0,0,1,0,1,0,0,0,1,0,0,0,1,0,0,0,0,1,0,1,0,0,0,1,0,0,1,0,0,0,0,0,1,0,0
473,LP002522,2500,0,93.0,1,2500,26.881720430107528,0.0,0.0,1,0,0,1,0,0,0,0,1,0,1,0,0,1,0,0,0,0,0,1,0,0,0,1,0,0,1,0,0,0,0,1,0,0
474,LP002524,5532,4648,162.0,1,10180,62.839506172839506,0.0,1.0,0,1,0,1,0,0,1,0,0,0,1,0,0,0,0,1,0,0,1,0,0,0,1,0,1,0,0,0,0,0,0,1,0,0
475,LP002527,16525,1014,150.0,1,17539,116.92666666666666,1.0,1.0,0,1,0,1,0,0,1,0,0,0,0,1,0,0,0,1,0,0,0,1,0,0,1,0,1,0,0,0,0,0,0,1,0,0
476,LP002529,6700,1750,230.0,1,8450,36.73913043478261,1.0,1.0,0,1,0,1,0,0,0,1,0,0,0,1,0,0,0,1,0,0,1,0,0,0,1,0,0,1,0,0,0,0,0,1,0,0
477,LP002530,2873,1872,132.0,0,4745,35.946969696969695,1.0,1.0,0,1,0,1,0,0,0,1,0,0,0,1,0,0,0,1,0,0,1,0,0,1,0,0,0,1,0,0,0,0,0,1,0,0
478,LP002531,16667,2250,86.0,1,18917,219.96511627906978,1.0,1.0,0,1,0,1,0,0,0,1,0,0,0,1,0,0,1,0,0,0,0,1,0,0,1,0,0,1,0,0,0,0,0,1,0,0
479,LP002533,2947,1603,156.0,0,4550,29.166666666666668,1.0,1.0,0,1,0,1,0,0,0,0,1,0,0,1,0,0,0,1,0,0,1,0,0,0,1,0,0,0,1,0,0,0,0,1,0,0
480,LP002534,4350,0,154.0,1,4350,28.246753246753247,0.0,0.0,1,0,0,0,1,0,1,0,0,0,1,0,0,1,0,0,0,0,1,0,0,0,1,0,1,0,0,0,0,0,0,1,0,0
481,LP002536,3095,0,113.0,1,3095,27.38938053097345,1.0,0.0,0,1,0,0,1,0,1,0,0,0,0,1,0,0,0,0,1,0,1,0,0,0,1,0,1,0,0,0,0,0,0,1,0,0
482,LP002537,2083,3150,128.0,1,5233,40.8828125,0.0,1.0,0,1,0,1,0,0,0,1,0,0,0,1,0,1,0,0,0,0,1,0,0,0,1,0,0,1,0,0,0,0,0,1,0,0
483,LP002541,10833,0,234.0,1,10833,46.294871794871796,0.0,0.0,0,1,0,1,0,0,0,1,0,0,0,1,0,1,0,0,0,0,1,0,0,0,1,0,0,1,0,0,0,0,0,1,0,0
484,LP002543,8333,0,246.0,1,8333,33.8739837398374,1.0,0.0,0,1,0,1,0,0,0,1,0,0,0,1,0,0,0,1,0,0,1,0,0,0,1,0,0,1,0,0,0,0,0,1,0,0
485,LP002544,1958,2436,131.0,1,4394,33.541984732824424,1.0,1.0,0,1,0,0,1,0,1,0,0,0,0,1,0,0,1,0,0,0,1,0,0,0,1,0,1,0,0,0,0,0,0,1,0,0
486,LP002545,3547,0,80.0,0,3547,44.3375,0.0,0.0,0,1,0,1,0,0,1,0,0,0,1,0,0,0,0,1,0,0,1,0,0,1,0,0,1,0,0,0,0,0,0,1,0,0
487,LP002547,18333,0,500.0,0,18333,36.666,1.0,0.0,0,1,0,1,0,0,0,0,1,0,0,1,0,0,1,0,0,0,1,0,0,0,1,0,0,0,1,0,0,0,0,1,0,0
488,LP002555,4583,2083,160.0,1,6666,41.6625,1.0,1.0,0,1,0,1,0,0,0,1,0,0,0,1,0,0,0,1,0,0,0,1,0,0,1,0,0,1,0,0,0,0,0,1,0,0
489,LP002556,2435,0,75.0,0,2435,32.46666666666667,0.0,0.0,0,1,0,1,0,0,0,0,1,0,1,0,0,1,0,0,0,0,1,0,0,0,1,0,0,0,1,0,0,0,0,1,0,0
490,LP002560,2699,2785,96.0,1,5484,57.125,0.0,1.0,0,1,0,0,1,0,0,1,0,0,1,0,0,1,0,0,0,0,1,0,0,0,0,1,0,1,0,0,0,0,0,1,0,0
491,LP002562,5333,1131,186.0,1,6464,34.75268817204301,1.0,1.0,0,1,0,0,1,0,0,0,1,0,0,1,0,0,1,0,0,0,1,0,0,0,0,1,0,0,1,0,0,0,0,1,0,0
492,LP002571,3691,0,110.0,1,3691,33.554545454545455,0.0,0.0,0,1,0,0,1,0,1,0,0,0,1,0,0,1,0,0,0,0,1,0,0,0,1,0,1,0,0,0,0,0,0,1,0,0
493,LP002582,17263,0,225.0,1,17263,76.72444444444444,0.0,0.0,1,0,0,0,1,0,0,1,0,0,1,0,0,1,0,0,0,0,0,1,0,0,1,0,0,1,0,0,0,0,0,1,0,0
494,LP002585,3597,2157,119.0,0,5754,48.35294117647059,0.0,1.0,0,1,0,1,0,0,1,0,0,0,0,1,0,1,0,0,0,0,1,0,0,1,0,0,1,0,0,0,0,0,0,1,0,0
495,LP002586,3326,913,105.0,1,4239,40.371428571428574,1.0,1.0,1,0,0,1,0,0,0,1,0,0,0,1,0,0,1,0,0,0,1,0,0,0,1,0,0,1,0,0,1,0,0,0,0,0
496,LP002587,2600,1700,107.0,1,4300,40.18691588785047,0.0,1.0,0,1,0,0,1,0,1,0,0,0,0,1,0,1,0,0,0,0,1,0,0,0,1,0,1,0,0,0,0,0,0,1,0,0
497,LP002588,4625,2857,111.0,1,7482,67.4054054054054,0.0,1.0,0,1,0,1,0,0,0,0,1,0,0,1,0,1,0,0,0,0,1,0,0,0,0,1,0,0,1,0,1,0,0,0,0,0
498,LP002600,2895,0,95.0,1,2895,30.473684210526315,1.0,0.0,0,1,0,1,0,0,0,1,0,0,0,1,0,0,1,0,0,0,0,1,0,0,1,0,0,1,0,0,0,0,0,1,0,0
499,LP002602,6283,4416,209.0,0,10699,51.19138755980861,0.0,1.0,0,1,0,1,0,0,1,0,0,0,1,0,0,1,0,0,0,0,1,0,0,1,0,0,1,0,0,0,0,0,0,1,0,0
500,LP002603,645,3683,113.0,1,4328,38.30088495575221,0.0,1.0,1,0,0,1,0,0,1,0,0,0,1,0,0,1,0,0,0,0,1,0,0,0,1,0,1,0,0,0,0,0,0,0,1,0
501,LP002606,3159,0,100.0,1,3159,31.59,0.0,0.0,1,0,0,1,0,0,0,1,0,0,1,0,0,1,0,0,0,0,1,0,0,0,1,0,0,1,0,0,0,0,0,1,0,0
502,LP002615,4865,5624,208.0,1,10489,50.42788461538461,1.0,1.0,0,1,0,1,0,0,0,1,0,0,0,1,0,0,0,1,0,0,1,0,0,0,1,0,0,1,0,0,0,0,0,1,0,0
503,LP002618,4050,5302,138.0,0,9352,67.76811594202898,1.0,1.0,0,1,0,0,1,0,1,0,0,0,0,1,0,0,1,0,0,0,1,0,0,0,0,1,1,0,0,0,0,0,0,1,0,0
504,LP002619,3814,1483,124.0,1,5297,42.71774193548387,0.0,1.0,0,1,0,0,1,0,0,1,0,0,0,1,0,1,0,0,0,0,1,0,0,0,1,0,0,1,0,0,0,0,0,1,0,0
505,LP002622,3510,4416,243.0,1,7926,32.617283950617285,1.0,1.0,0,1,0,1,0,0,1,0,0,0,0,1,0,0,0,1,0,0,1,0,0,0,1,0,1,0,0,0,0,0,0,1,0,0
506,LP002624,20833,6667,480.0,1,27500,57.291666666666664,0.0,1.0,0,1,0,1,0,0,0,0,1,0,0,1,0,1,0,0,0,0,1,0,0,0,0,1,0,0,1,0,0,0,0,1,0,0
507,LP002625,3583,0,96.0,0,3583,37.322916666666664,0.0,0.0,0,1,0,1,0,0,0,0,1,0,1,0,0,1,0,0,0,0,1,0,0,0,1,0,0,0,1,0,0,0,0,1,0,0
508,LP002626,2479,3013,188.0,1,5492,29.21276595744681,0.0,1.0,0,1,0,1,0,0,0,0,1,0,0,1,0,1,0,0,0,0,0,1,0,0,1,0,0,0,1,0,0,0,0,1,0,0
509,LP002634,13262,0,40.0,1,13262,331.55,0.0,0.0,1,0,0,1,0,0,0,0,1,0,1,0,0,0,1,0,0,0,1,0,0,0,1,0,0,0,1,0,0,0,0,1,0,0
510,LP002637,3598,1287,100.0,0,4885,48.85,0.0,1.0,0,1,0,0,1,0,1,0,0,0,1,0,0,1,0,0,0,0,1,0,0,0,1,0,1,0,0,0,0,0,0,1,0,0
511,LP002640,6065,2004,250.0,1,8069,32.276,1.0,1.0,0,1,0,1,0,0,0,1,0,0,0,1,0,0,1,0,0,0,1,0,0,0,1,0,0,1,0,0,0,0,0,1,0,0
512,LP002643,3283,2035,148.0,1,5318,35.932432432432435,1.0,1.0,0,1,0,1,0,0,0,0,1,0,0,1,0,0,0,1,0,0,1,0,0,0,1,0,0,0,1,0,0,0,0,1,0,0
513,LP002648,2130,6666,70.0,0,8796,125.65714285714286,0.0,1.0,0,1,0,1,0,0,0,1,0,0,0,1,0,1,0,0,0,0,1,0,0,0,1,0,0,1,0,0,0,1,0,0,0,0
514,LP002652,5815,3666,311.0,0,9481,30.485530546623796,0.0,1.0,0,1,0,1,0,0,1,0,0,0,1,0,0,1,0,0,0,0,1,0,0,0,1,0,1,0,0,0,0,0,0,1,0,0
515,LP002659,3466,3428,150.0,1,6894,45.96,1.0,1.0,0,1,0,1,0,0,1,0,0,0,0,1,0,0,0,0,1,0,1,0,0,0,1,0,1,0,0,0,0,0,0,1,0,0
516,LP002670,2031,1632,113.0,1,3663,32.415929203539825,1.0,1.0,1,0,0,1,0,0,0,1,0,0,0,1,0,0,0,1,0,0,1,0,0,0,1,0,0,1,0,0,0,0,0,0,1,0
517,LP002682,3074,1800,123.0,0,4874,39.6260162601626,0.0,1.0,0,1,0,0,1,0,0,1,0,0,0,1,0,1,0,0,0,0,1,0,0,1,0,0,0,1,0,0,0,0,0,1,0,0
518,LP002683,4683,1915,185.0,0,6598,35.66486486486487,0.0,1.0,0,1,0,1,0,0,0,1,0,0,1,0,0,1,0,0,0,0,1,0,0,0,1,0,0,1,0,0,0,0,0,1,0,0
519,LP002684,3400,0,95.0,0,3400,35.78947368421053,0.0,0.0,1,0,0,0,1,0,1,0,0,0,1,0,0,1,0,0,0,0,1,0,0,0,1,0,1,0,0,0,0,0,0,1,0,0
520,LP002689,2192,1742,45.0,1,3934,87.42222222222222,1.0,1.0,0,1,0,0,1,0,0,1,0,0,0,1,0,0,0,1,0,0,1,0,0,0,1,0,0,1,0,0,0,0,0,1,0,0
521,LP002690,2500,0,55.0,1,2500,45.45454545454545,0.0,0.0,0,1,0,1,0,0,0,1,0,0,1,0,0,1,0,0,0,0,1,0,0,0,1,0,0,1,0,0,0,0,0,1,0,0
522,LP002692,5677,1424,100.0,1,7101,71.01,1.0,1.0,0,1,0,1,0,0,1,0,0,0,0,1,0,0,0,0,1,0,0,1,0,0,1,0,1,0,0,0,0,0,0,1,0,0
523,LP002693,7948,7166,480.0,1,15114,31.4875,1.0,1.0,0,1,0,1,0,0,1,0,0,0,0,1,0,0,0,1,0,0,0,1,0,0,1,0,1,0,0,0,0,0,0,1,0,0
524,LP002697,4680,2087,134.0,0,6767,50.5,0.0,1.0,0,1,0,1,0,0,0,1,0,0,1,0,0,1,0,0,0,0,1,0,0,0,1,0,0,1,0,0,0,0,0,1,0,0
525,LP002699,17500,0,400.0,1,17500,43.75,1.0,0.0,0,1,0,1,0,0,1,0,0,0,0,1,0,0,0,1,0,0,0,1,0,0,1,0,1,0,0,0,0,0,0,1,0,0
526,LP002705,3775,0,110.0,1,3775,34.31818181818182,0.0,0.0,0,1,0,1,0,0,0,1,0,0,0,1,0,1,0,0,0,0,1,0,0,0,1,0,0,1,0,0,0,0,0,1,0,0
527,LP002706,5285,1430,161.0,1,6715,41.70807453416149,1.0,1.0,0,1,0,0,1,0,0,1,0,0,0,1,0,0,1,0,0,0,1,0,0,1,0,0,0,1,0,0,0,0,0,1,0,0
528,LP002714,2679,1302,94.0,1,3981,42.351063829787236,0.0,1.0,0,1,0,0,1,0,0,1,0,0,1,0,0,0,1,0,0,0,1,0,0,0,1,0,0,1,0,0,0,0,0,1,0,0
529,LP002716,6783,0,130.0,1,6783,52.176923076923075,0.0,0.0,0,1,0,0,1,0,0,1,0,0,1,0,0,1,0,0,0,0,1,0,0,0,1,0,0,1,0,0,0,0,0,1,0,0
530,LP002717,1025,5500,216.0,1,6525,30.208333333333332,0.0,1.0,0,1,0,1,0,0,1,0,0,0,0,1,0,1,0,0,0,0,1,0,0,0,0,1,1,0,0,0,0,0,0,1,0,0
531,LP002720,4281,0,100.0,1,4281,42.81,1.0,0.0,0,1,0,1,0,0,0,0,1,0,0,1,0,0,0,0,1,0,1,0,0,0,1,0,0,0,1,0,0,0,0,1,0,0
532,LP002723,3588,0,110.0,0,3588,32.61818181818182,0.0,0.0,0,1,0,1,0,0,1,0,0,0,1,0,0,0,0,1,0,0,1,0,0,1,0,0,1,0,0,0,0,0,0,1,0,0
533,LP002729,11250,0,196.0,0,11250,57.39795918367347,0.0,0.0,0,1,0,1,0,0,0,1,0,0,1,0,0,0,1,0,0,0,1,0,0,0,0,1,0,1,0,0,0,0,0,1,0,0
534,LP002731,18165,0,125.0,1,18165,145.32,0.0,0.0,1,0,0,0,1,0,0,0,1,0,1,0,0,1,0,0,0,0,0,1,0,0,1,0,0,0,1,0,0,0,0,1,0,0
535,LP002732,2550,2042,126.0,1,4592,36.44444444444444,0.0,1.0,0,1,0,0,1,0,1,0,0,0,1,0,0,1,0,0,0,0,0,0,1,0,1,0,1,0,0,0,0,0,0,1,0,0
536,LP002734,6133,3906,324.0,1,10039,30.984567901234566,0.0,1.0,0,1,0,1,0,0,0,0,1,0,0,1,0,1,0,0,0,0,1,0,0,0,1,0,0,0,1,0,0,0,0,1,0,0
537,LP002738,3617,0,107.0,1,3617,33.80373831775701,0.0,0.0,0,1,0,1,0,0,0,1,0,0,1,0,0,0,0,1,0,0,1,0,0,0,1,0,0,1,0,0,0,0,0,1,0,0
538,LP002739,2917,536,66.0,0,3453,52.31818181818182,0.0,1.0,0,1,0,0,1,0,1,0,0,0,0,1,0,1,0,0,0,0,1,0,0,0,1,0,1,0,0,0,0,0,0,1,0,0
539,LP002740,6417,0,157.0,1,6417,40.87261146496815,1.0,0.0,0,1,0,1,0,0,1,0,0,0,0,1,0,0,0,0,1,0,1,0,0,0,1,0,1,0,0,0,0,1,0,0,0,0
540,LP002741,4608,2845,140.0,1,7453,53.23571428571429,1.0,1.0,1,0,0,1,0,0,0,1,0,0,0,1,0,0,1,0,0,0,1,0,0,0,1,0,0,1,0,0,0,1,0,0,0,0
541,LP002743,2138,0,99.0,0,2138,21.595959595959595,0.0,0.0,1,0,0,1,0,0,0,1,0,0,1,0,0,1,0,0,0,0,1,0,0,1,0,0,0,1,0,0,0,0,0,1,0,0
542,LP002753,3652,0,95.0,1,3652,38.44210526315789,0.0,0.0,1,0,0,1,0,0,0,1,0,0,1,0,0,0,1,0,0,0,0,0,1,0,1,0,0,1,0,0,0,0,0,1,0,0
543,LP002755,2239,2524,128.0,1,4763,37.2109375,1.0,1.0,0,1,0,0,1,0,0,0,1,0,0,1,0,0,1,0,0,0,1,0,0,0,1,0,0,0,1,0,0,0,0,1,0,0
544,LP002757,3017,663,102.0,1,3680,36.07843137254902,0.0,1.0,1,0,0,0,1,0,0,1,0,0,0,1,0,1,0,0,0,0,1,0,0,0,0,1,0,1,0,0,0,0,0,1,0,0
545,LP002767,2768,1950,155.0,1,4718,30.438709677419354,0.0,1.0,0,1,0,1,0,0,1,0,0,0,0,1,0,1,0,0,0,0,1,0,0,0,1,0,1,0,0,0,0,0,0,1,0,0
546,LP002768,3358,0,80.0,0,3358,41.975,0.0,0.0,0,1,0,0,1,0,0,1,0,0,1,0,0,1,0,0,0,0,1,0,0,0,1,0,0,1,0,0,1,0,0,0,0,0
547,LP002772,2526,1783,145.0,1,4309,29.717241379310344,0.0,1.0,0,1,0,1,0,0,1,0,0,0,1,0,0,1,0,0,0,0,1,0,0,0,1,0,1,0,0,0,0,0,0,1,0,0
548,LP002776,5000,0,103.0,0,5000,48.54368932038835,0.0,0.0,1,0,0,1,0,0,0,1,0,0,1,0,0,1,0,0,0,0,1,0,0,1,0,0,0,1,0,0,0,0,0,1,0,0
549,LP002777,2785,2016,110.0,1,4801,43.64545454545455,0.0,1.0,0,1,0,1,0,0,1,0,0,0,0,1,0,1,0,0,0,0,1,0,0,0,1,0,1,0,0,0,0,0,0,1,0,0
550,LP002778,6633,0,223.0,0,6633,29.744394618834082,1.0,0.0,0,1,0,1,0,0,1,0,0,0,0,1,0,0,0,1,0,0,0,1,0,1,0,0,1,0,0,0,0,0,0,1,0,0
551,LP002784,2492,2375,147.0,1,4867,33.10884353741496,1.0,1.0,0,1,0,0,1,0,1,0,0,0,0,1,0,0,1,0,0,0,1,0,0,0,1,0,1,0,0,0,0,0,0,1,0,0
552,LP002785,3333,3250,158.0,1,6583,41.664556962025316,1.0,1.0,0,1,0,1,0,0,0,0,1,0,0,1,0,0,1,0,0,0,1,0,0,0,1,0,0,0,1,0,0,0,0,1,0,0
553,LP002788,2454,2333,181.0,0,4787,26.447513812154696,0.0,1.0,0,1,0,0,1,0,0,0,1,0,0,1,0,1,0,0,0,0,1,0,0,1,0,0,0,0,1,0,0,0,0,1,0,0
554,LP002789,3593,4266,132.0,0,7859,59.53787878787879,0.0,1.0,0,1,0,1,0,0,1,0,0,0,0,1,0,1,0,0,0,0,1,0,0,1,0,0,1,0,0,0,0,1,0,0,0,0
555,LP002792,5468,1032,26.0,1,6500,250.0,1.0,1.0,0,1,0,1,0,0,0,1,0,0,0,1,0,0,1,0,0,0,1,0,0,0,1,0,0,1,0,0,0,0,0,1,0,0
556,LP002794,2667,1625,84.0,1,4292,51.095238095238095,0.0,1.0,1,0,0,1,0,0,0,0,1,0,1,0,0,1,0,0,0,0,1,0,0,0,0,1,0,0,1,0,0,0,0,1,0,0
557,LP002795,10139,0,260.0,1,10139,38.996153846153845,1.0,0.0,0,1,0,1,0,0,0,1,0,0,0,1,0,0,0,0,1,0,0,1,0,0,1,0,0,1,0,0,0,0,0,1,0,0
558,LP002798,3887,2669,162.0,1,6556,40.46913580246913,0.0,1.0,0,1,0,1,0,0,0,1,0,0,0,1,0,1,0,0,0,0,1,0,0,0,1,0,0,1,0,0,0,0,0,1,0,0
559,LP002804,4180,2306,182.0,1,6486,35.637362637362635,0.0,1.0,1,0,0,1,0,0,0,1,0,0,0,1,0,1,0,0,0,0,1,0,0,0,1,0,0,1,0,0,0,0,0,1,0,0
560,LP002807,3675,242,108.0,1,3917,36.26851851851852,1.0,1.0,0,1,0,0,1,0,0,1,0,0,0,1,0,0,0,1,0,0,1,0,0,0,1,0,0,1,0,0,0,0,0,1,0,0
561,LP002813,19484,0,600.0,1,19484,32.473333333333336,1.0,0.0,1,0,0,1,0,0,0,1,0,0,0,1,0,0,1,0,0,0,0,1,0,0,1,0,0,1,0,0,0,0,0,1,0,0
562,LP002820,5923,2054,211.0,1,7977,37.80568720379147,0.0,1.0,0,1,0,1,0,0,1,0,0,0,0,1,0,1,0,0,0,0,1,0,0,0,1,0,1,0,0,0,0,0,0,1,0,0
563,LP002821,5800,0,132.0,1,5800,43.93939393939394,0.0,0.0,0,1,0,0,1,0,0,1,0,0,1,0,0,1,0,0,0,0,0,1,0,0,1,0,0,1,0,0,0,0,0,1,0,0
564,LP002832,8799,0,258.0,0,8799,34.104651162790695,1.0,0.0,0,1,0,1,0,0,0,0,1,0,0,1,0,0,0,1,0,0,1,0,0,1,0,0,0,0,1,0,0,0,0,1,0,0
565,LP002833,4467,0,120.0,1,4467,37.225,0.0,0.0,0,1,0,0,1,0,1,0,0,0,0,1,0,1,0,0,0,0,1,0,0,0,0,1,1,0,0,0,0,0,0,1,0,0
566,LP002836,3333,0,70.0,1,3333,47.614285714285714,0.0,0.0,0,1,0,1,0,0,0,0,1,0,1,0,0,1,0,0,0,0,1,0,0,0,1,0,0,0,1,0,0,0,0,1,0,0
567,LP002837,3400,2500,123.0,0,5900,47.96747967479675,1.0,1.0,0,1,0,1,0,0,1,0,0,0,0,1,0,0,0,0,1,0,1,0,0,1,0,0,1,0,0,0,0,0,0,1,0,0
568,LP002840,2378,0,9.0,0,2378,264.22222222222223,0.0,0.0,1,0,0,1,0,0,0,0,1,0,1,0,0,1,0,0,0,0,1,0,0,0,1,0,0,0,1,0,0,0,0,1,0,0
569,LP002841,3166,2064,104.0,0,5230,50.28846153846154,0.0,1.0,0,1,0,1,0,0,0,0,1,0,0,1,0,1,0,0,0,0,1,0,0,1,0,0,0,0,1,0,0,0,0,1,0,0
570,LP002842,3417,1750,186.0,1,5167,27.77956989247312,1.0,1.0,0,1,0,1,0,0,0,0,1,0,0,1,0,0,1,0,0,0,1,0,0,0,1,0,0,0,1,0,0,0,0,1,0,0
571,LP002847,5116,1451,165.0,0,6567,39.8,0.0,1.0,0,1,0,1,0,0,0,0,1,0,0,1,0,1,0,0,0,0,1,0,0,1,0,0,0,0,1,0,0,0,0,1,0,0
572,LP002855,16666,0,275.0,1,16666,60.60363636363636,1.0,0.0,0,1,0,1,0,0,0,0,1,0,0,1,0,0,0,1,0,0,1,0,0,0,1,0,0,0,1,0,0,0,0,1,0,0
573,LP002862,6125,1625,187.0,0,7750,41.44385026737968,1.0,1.0,0,1,0,0,1,0,0,1,0,0,0,1,0,0,0,1,0,0,1,0,0,0,1,0,0,1,0,0,0,0,0,0,1,0
574,LP002863,6406,0,150.0,0,6406,42.70666666666666,1.0,0.0,0,1,0,1,0,0,0,1,0,0,0,1,0,0,0,0,1,0,1,0,0,0,1,0,0,1,0,0,0,0,0,1,0,0
575,LP002868,3159,461,108.0,1,3620,33.51851851851852,1.0,1.0,0,1,0,1,0,0,0,0,1,0,0,1,0,0,0,1,0,0,1,0,0,0,1,0,0,0,1,0,1,0,0,0,0,0
576,LP002872,3087,2210,136.0,0,5297,38.9485294117647,0.0,1.0,0,1,0,1,0,0,0,1,0,0,0,1,0,1,0,0,0,0,1,0,0,1,0,0,0,1,0,0,0,0,0,1,0,0
577,LP002874,3229,2739,110.0,1,5968,54.25454545454546,0.0,1.0,0,1,0,1,0,0,0,0,1,0,1,0,0,1,0,0,0,0,1,0,0,0,1,0,0,0,1,0,0,0,0,1,0,0
578,LP002877,1782,2232,107.0,1,4014,37.51401869158879,1.0,1.0,0,1,0,1,0,0,1,0,0,0,0,1,0,0,1,0,0,0,1,0,0,0,1,0,1,0,0,0,0,0,0,1,0,0
579,LP002888,3182,2917,161.0,1,6099,37.88198757763975,0.0,1.0,0,1,0,1,0,0,0,0,1,0,1,0,0,1,0,0,0,0,0,0,1,0,1,0,0,0,1,0,0,0,0,1,0,0
580,LP002892,6540,0,205.0,1,6540,31.902439024390244,1.0,0.0,0,1,0,1,0,0,0,1,0,0,0,1,0,0,0,1,0,0,1,0,0,0,1,0,0,1,0,0,0,0,0,1,0,0
581,LP002893,1836,33837,90.0,0,35673,396.3666666666667,0.0,1.0,0,1,0,1,0,0,0,0,1,0,1,0,0,1,0,0,0,0,1,0,0,0,1,0,0,0,1,0,0,0,0,1,0,0
582,LP002894,3166,0,36.0,1,3166,87.94444444444444,0.0,0.0,1,0,0,1,0,0,0,1,0,0,0,1,0,1,0,0,0,0,1,0,0,0,1,0,0,1,0,0,0,0,0,1,0,0
583,LP002898,1880,0,61.0,0,1880,30.81967213114754,1.0,0.0,0,1,0,1,0,0,1,0,0,0,0,1,0,0,1,0,0,0,1,0,0,0,0,1,1,0,0,0,0,0,0,1,0,0
584,LP002911,2787,1917,146.0,0,4704,32.21917808219178,1.0,1.0,0,1,0,1,0,0,1,0,0,0,0,1,0,0,1,0,0,0,1,0,0,1,0,0,1,0,0,0,0,0,0,1,0,0
585,LP002912,4283,3000,172.0,0,7283,42.343023255813954,1.0,1.0,0,1,0,1,0,0,1,0,0,0,0,1,0,0,1,0,0,0,1,0,0,0,1,0,1,0,0,0,1,0,0,0,0,0
586,LP002916,2297,1522,104.0,1,3819,36.72115384615385,0.0,1.0,0,1,0,1,0,0,0,0,1,0,0,1,0,1,0,0,0,0,1,0,0,0,1,0,0,0,1,0,0,0,0,1,0,0
587,LP002917,2165,0,70.0,1,2165,30.928571428571427,0.0,0.0,1,0,0,0,1,0,0,1,0,0,1,0,0,1,0,0,0,0,1,0,0,0,1,0,0,1,0,0,0,0,0,1,0,0
588,LP002925,4750,0,94.0,1,4750,50.53191489361702,0.0,0.0,0,1,0,1,0,0,0,1,0,0,1,0,0,1,0,0,0,0,1,0,0,0,1,0,0,1,0,0,0,0,0,1,0,0
589,LP002926,2726,0,106.0,0,2726,25.71698113207547,1.0,0.0,0,1,0,1,0,0,0,1,0,0,0,1,0,0,0,1,0,0,0,1,0,1,0,0,0,1,0,0,0,0,0,1,0,0
590,LP002928,3000,3416,56.0,1,6416,114.57142857142857,0.0,1.0,0,1,0,1,0,0,0,1,0,0,0,1,0,1,0,0,0,0,1,0,0,0,1,0,0,1,0,0,0,1,0,0,0,0
591,LP002931,6000,0,205.0,0,6000,29.26829268292683,1.0,0.0,0,1,0,1,0,0,0,1,0,0,0,1,0,0,0,1,0,0,0,1,0,0,1,0,0,1,0,0,0,0,1,0,0,0
592,LP002933,9357,0,292.0,1,9357,32.044520547945204,0.0,0.0,0,1,0,1,0,0,0,1,0,0,1,0,0,0,0,0,1,0,0,1,0,0,1,0,0,1,0,0,0,0,0,1,0,0
593,LP002936,3859,3300,142.0,1,7159,50.41549295774648,0.0,1.0,0,1,0,1,0,0,1,0,0,0,0,1,0,1,0,0,0,0,1,0,0,0,1,0,1,0,0,0,0,1,0,0,0,0
594,LP002938,16120,0,260.0,1,16120,62.0,0.0,0.0,0,1,0,1,0,0,0,0,1,0,0,1,0,1,0,0,0,0,0,1,0,0,1,0,0,0,1,0,0,0,0,1,0,0
595,LP002940,3833,0,110.0,1,3833,34.845454545454544,0.0,0.0,0,1,0,0,1,0,1,0,0,0,1,0,0,1,0,0,0,0,1,0,0,0,1,0,1,0,0,0,0,0,0,1,0,0
596,LP002941,6383,1000,187.0,0,7383,39.481283422459896,1.0,1.0,0,1,0,0,1,0,1,0,0,0,0,1,0,0,0,1,0,0,0,1,0,0,1,0,1,0,0,0,0,0,0,1,0,0
597,LP002943,2987,0,88.0,0,2987,33.94318181818182,0.0,0.0,0,1,0,1,0,0,0,1,0,0,1,0,0,1,0,0,0,0,1,0,0,1,0,0,0,1,0,0,0,0,0,1,0,0
598,LP002945,9963,0,180.0,1,9963,55.35,0.0,0.0,0,1,0,1,0,0,1,0,0,0,0,1,0,1,0,0,0,0,0,1,0,0,1,0,1,0,0,0,0,0,0,1,0,0
599,LP002948,5780,0,192.0,1,5780,30.104166666666668,1.0,0.0,0,1,0,1,0,0,0,0,1,0,0,1,0,0,0,1,0,0,1,0,0,0,1,0,0,0,1,0,0,0,0,1,0,0
600,LP002949,416,41667,350.0,0,42083,120.23714285714286,0.0,1.0,1,0,0,1,0,0,0,0,1,0,1,0,0,0,0,0,1,0,0,0,1,0,0,1,0,0,1,0,0,1,0,0,0,0
601,LP002950,2894,2792,155.0,1,5686,36.68387096774194,0.0,1.0,0,1,0,0,1,0,1,0,0,0,0,1,0,1,0,0,0,0,0,0,1,0,1,0,1,0,0,0,0,0,0,1,0,0
602,LP002953,5703,0,128.0,1,5703,44.5546875,1.0,0.0,0,1,0,1,0,0,0,0,1,0,0,1,0,0,0,0,1,0,1,0,0,0,1,0,0,0,1,0,0,0,0,1,0,0
603,LP002958,3676,4301,172.0,1,7977,46.377906976744185,0.0,1.0,0,1,0,1,0,0,1,0,0,0,1,0,0,1,0,0,0,0,1,0,0,0,1,0,1,0,0,0,0,0,0,1,0,0
604,LP002959,12000,0,496.0,1,12000,24.193548387096776,1.0,0.0,1,0,0,1,0,0,0,1,0,0,0,1,0,0,1,0,0,0,1,0,0,0,1,0,0,1,0,0,0,0,0,1,0,0
605,LP002960,2400,3800,129.0,0,6200,48.06201550387597,0.0,1.0,0,1,0,0,1,0,0,0,1,0,0,1,0,1,0,0,0,0,1,0,0,0,1,0,0,0,1,0,0,1,0,0,0,0
606,LP002961,3400,2500,173.0,1,5900,34.104046242774565,1.0,1.0,0,1,0,1,0,0,0,1,0,0,0,1,0,0,1,0,0,0,1,0,0,0,1,0,0,1,0,0,0,0,0,1,0,0
607,LP002964,3987,1411,157.0,1,5398,34.382165605095544,1.0,1.0,0,1,0,0,1,0,1,0,0,0,0,1,0,0,0,1,0,0,1,0,0,0,1,0,1,0,0,0,0,0,0,1,0,0
608,LP002974,3232,1950,108.0,1,5182,47.98148148148148,0.0,1.0,0,1,0,1,0,0,1,0,0,0,0,1,0,1,0,0,0,0,1,0,0,0,1,0,1,0,0,0,0,0,0,1,0,0
609,LP002978,2900,0,71.0,1,2900,40.84507042253521,0.0,0.0,1,0,0,1,0,0,1,0,0,0,1,0,0,1,0,0,0,0,1,0,0,0,1,0,1,0,0,0,0,0,0,1,0,0
610,LP002979,4106,0,40.0,1,4106,102.65,1.0,0.0,0,1,0,1,0,0,1,0,0,0,0,1,0,0,0,0,1,0,1,0,0,0,1,0,1,0,0,0,0,1,0,0,0,0
611,LP002983,8072,240,253.0,1,8312,32.85375494071146,1.0,1.0,0,1,0,1,0,0,0,0,1,0,0,1,0,0,1,0,0,0,1,0,0,0,1,0,0,0,1,0,0,0,0,1,0,0
612,LP002984,7583,0,187.0,1,7583,40.55080213903744,1.0,0.0,0,1,0,1,0,0,0,0,1,0,0,1,0,0,0,1,0,0,1,0,0,0,1,0,0,0,1,0,0,0,0,1,0,0
613,LP002990,4583,0,133.0,0,4583,34.45864661654135,0.0,0.0,1,0,0,1,0,0,0,1,0,0,1,0,0,1,0,0,0,0,0,1,0,1,0,0,0,1,0,0,0,0,0,1,0,0
